User,Username,UTC Date,post,Binders,Permalink,reposts,Likes count,Impressions,Quotes,Replies,Bookmarks,post value,language,sentiment,polarity
AFRI JACOB ๐จ๐ฉ๐ธ๐ฉ๐ณ๐ฌ,@AfriJacob766,2024-01-31 10:05:17,"@jebren_ #ุฃูุฑููุงูู 
#ุงูุดุนุจ ุงูุชุดุงุฏู ุถุฏ ูููุฐ ุงูุงูุจุฑูุงูููุฉ 
ุฎุทูุฉ ุฌุฑูุฆุฉ ููู ุงููุง ูุงู ุนููู ุงุชุจุงุน ููุฌ ูุน ูุงู ุจู ุฅุฎูุชู ูู ูุงูู ู ุจูุฑูููุง ู ููุฌุฑ ุงู ุชุญุดูุฏ ุงูุฏุงุฎูู ุถุฏ ูุฌูุฏ ุงููุฑูุณู ู ูู ุซู ุงูุชุญุฑู ููู ููููู ูุตุฑ ุฅุฑุงุฏุฉ ุงูุดุนุจ. 
ุชุดุงุฏ_ ุณูุฏุงู _ ูุฑูุณุง _ ุฅูุงุฑุงุช _ ูุทุฑ _ usa",,https://www.twitter.com/user/status/1752634146269098014,0,0,2,0,0,0,0.04,ar,neutral,0.518815815448761
ููุงุก ุงูุจุฑุงุก ุจู ูุงูู ูุชูุจุฉ ุงูุดููุฏ ุนูู ุนุจุฏุงูููุนู,@Mazen0963,2024-01-31 08:20:14,"ุฌุงูุจ ูู ุฒูุงุฑุฉ ุงูุดูุฎ ุฃุญูุฏ ุนุฌุจ ุงูููุง ููุชูุจุฉ ุงูุจุฑุงุก ุจู ูุงูู ููุงูุฉ ุณูุงุฑ..

 #ูุนุฑูุฉ_ุงููุฑุงูุฉ _ุงููุฑุงูุฉ |  #ุฌูุด_ูุงุญุฏ_ุดุนุจ_ูุงุญุฏ
 #ุณูุฏุงู_ูุงุญุฏ_ููุญุฏ |  #ุจุฑุงุคูู_ูุงุฑุณูู_ุงููู
 #ุงูุณูุฏุงู 
 #ุฌูุด_ูููู https://t.co/m63pNsgmrW",,https://www.twitter.com/user/status/1752607711051599927,0,1,26,0,0,0,0.37,ar,neutral,0.7080581188201904
Lilia Morsli,@MorsliLili54975,2024-01-31 08:16:25,@MohdTaqi11 ุงูุงุฑุงุช ุณุฑุทุงู ุฏูููุฉ ุงูุนุจุฑูุฉ ูุฒุฑูุนุฉ ูู ุฌุณุฏ ุงูุฃูุฉ ูู ุชุฏุนูู ููููุดูุงุช ุญูุชุฑ ููุจูุง ุงูู ุงูููู ูุงูุงู ุณูุฏุงู ุงููู ููุชูู ูููู,,https://www.twitter.com/user/status/1752606749851336907,0,0,2,0,0,0,0.01,ar,negative,0.9970026612281799
Lilia Morsli,@MorsliLili54975,2024-01-31 07:59:20,@Abdulkhaleq_UAE ุงุชูู ูู ุงูุนุฑุจ ุนูู ูุฑููู ูุตุฑ ููุจูุง ุงูููู ูุงูุงู ุณูุฏุงู ููููู ูู ุงููู,,https://www.twitter.com/user/status/1752602449909580061,0,0,2,0,0,0,0.01,ar,negative,0.9966341853141785
ููุงุก ุงูุจุฑุงุก ุจู ูุงูู ูุชูุจุฉ ุงูุดููุฏ ุนูู ุนุจุฏุงูููุนู,@Mazen0963,2024-01-31 06:37:09,"ูุดููุงูุง ุฎูุทุงู ูุชุจุช ุนูููุง
ููู ูุชุจุช ุนููู ุฎูุทุงู ูุดุงูุง 
ููู ูุงูุช ูููุชู ุนูู ุงุฑุถ
ููู ูููุช ุนูู ุฃุฑุถุง ุณูุงูุง
ูุจูู ุฃู ุงูุนูุด ุนูุด ุงูุฃุฎุฑุฉ โ๐พ
#ูุนุฑูุฉ_ุงููุฑุงูุฉ | #ุฌูุด_ูุงุญุฏ_ุดุนุจ_ูุงุญุฏ
#ุณูุฏุงู_ูุงุญุฏ_ููุญุฏ | #ุจุฑุงุคูู_ูุงุฑุณูู_ุงููู https://t.co/u7La0hk67c",,https://www.twitter.com/user/status/1752581765867139154,0,0,12,0,0,0,0.37,ar,positive,0.976437509059906
ูุน ุงูุญู,@AdelAli34649676,2024-01-31 05:24:53,@motawea74 ููู ูุฐุง ููู ูุธู ุดูุทุงู. ูู ูู ุงูุฑ ุจุชุตููุช ุงูููุงููู ูููู ุงุฏูู ููุชู ุงููุชูู ูููุดู ููุนุทุฑ ุฌูุงุฒุชู ุฎูุงุต ูู ุชููุนูู ุจูุจุฑ ุณูุงุก ุฏููุง ุงูู ุดูุทุงู  ููุงุชู ูู. ุงูููู ุณูุฏุงู ูุตุฑ ููุจูุง ุจุงู ูุณุชูุฑ ูุงุนุจูุฏ ุฏุฑูู,,https://www.twitter.com/user/status/1752563581919347187,0,0,21,0,0,0,0.03,ar,negative,0.9976257681846619
ูุฑุงูุจ,@sa007030701,2024-01-31 05:18:12,@T_N_OTB @alwajeeh49880 @ae14__ @sunfyre101 @Umayyad1988 @LwyAl69701 @ABOsaddam07 ุงููุญุงุตุฑูู ูุซูุฑ ููู ูู ุจุงุดุฑ ุงููุชู ููุงูุฉ ุจู ุจุดุฑ ุงูุชุฌูุจู ููู ุงูุฐู ุฐุจุญู ูููู ุณูุฏุงู ุจู ุญูุฑุงู ุงูุณูููู ุจุนุฏ ุฃู ุทุนูู ูุชูุฑุฉ ุงูุณูููู ุชุณุน ุทุนูุงุช ูู ุฎูุฌุฑ  ููุงู ุงูุฐู ุงุจุชุฏุฃ ุถุฑุจู ุจุนุฏ ุฃู ูุงุจ ุงููุงุณ ุฐูู ููููู ูุงู ููุฑุฃ ุงููุฑุขู ูู ุงูุบุงููู ุจู ุญุฑุจ ุงูุนูู,,https://www.twitter.com/user/status/1752561899353284965,0,0,16,0,2,0,0.01,ar,neutral,0.5778238773345947
ููุงุก ุงูุจุฑุงุก ุจู ูุงูู ูุชูุจุฉ ุงูุดููุฏ ุนูู ุนุจุฏุงูููุนู,@Mazen0963,2024-01-31 03:58:36,"ุฑุณุงูุฉ ูููุฉ ูู ูุงุฆุฏ ููุงุก ุงูุจุฑุงุก ุจู ูุงูู ุงููุตุจุงุญ ุงุจูุฒูุฏ ูุฌููุน
 ุงูุดุนุจ ุงูุณูุฏุงูู ูู ุฏุงุฎู ุงูููุงูุฉ ุงูุดูุงููุฉ ููุทูุฉ ุงูุณููู
#ูุนุฑูุฉ_ุงููุฑุงูุฉ | #ุฌูุด_ูุงุญุฏ_ุดุนุจ_ูุงุญุฏ
#ุณูุฏุงู_ูุงุญุฏ_ููุญุฏ | #ุจุฑุงุคูู_ูุงุฑุณูู_ุงููู
#ุงูุณูุฏุงู 
#ุฌูุด_ูููู https://t.co/HJzPoAxjix",,https://www.twitter.com/user/status/1752541865339929030,0,0,59,0,0,0,0.31,ar,positive,0.8245189785957336
๐๐ช๐ต๐ต๐ผ๐ฝ๐ป๐ฎ๐ฎ๐ฝ ๐ซ๐ธ๐ โ๐น ๐ช๐ฌ โ,@WSB_2022,2024-01-30 22:49:10,"ูุนูู ุงูู ุณูุฏุงู ูู ูู ุฏููู ุงุณููุง ุงูุณูุฏุงู ุฃุตูุงู ุ
 ุงูุชู ุดููู ุตุนุงููู ุตุญุงุฑู ุนูู ุตุนุงููู ุบุงุจุงุช ุงุชุฌูุนูุง ูู ุฒุฑูุจู ูุงุญุฏู ูุด ุงูุชุฑ ู ุจูููุดูุง ุจุนุถ ุฒู ุงูุญููุงูุงุช . 

ููู ูุตุฑ ุฃููู ู ุฃุนุฑู ุฏููู ู ุงูููุฉ ุงูุฃูููููุฉ ุงูุฃูุซุฑ ุดุฃููุง ู ุงุญุชุฑุงูุงู ู ุจุชุฃูู ูุต ุดุนุจูู ุงูููุดุฑุฏ ุนุทูุงู ู ุดููุฉ ูุจูุงุด ุงูุนุฒุงู ุนู ุงููุงูุน https://t.co/Tgjjo7mfvW https://t.co/njO9R76otP",,https://www.twitter.com/user/status/1752463995439607915,3,10,206,0,0,1,1.0,ar,negative,0.9904783964157104
Mohamed etman,@mohamedetman254,2024-01-30 18:48:32,@karimGahin1 ูุงูู ูููููุง ุงุญูุง ู ูุตุฑ ูู ุงูุญุงุตู ูู ุณูุฏุงู ูุงุดููุง ูู ุงุฏุฑุงุชู,,https://www.twitter.com/user/status/1752403438376239290,0,1,201,0,0,0,0.01,ar,negative,0.992522656917572
Sudan Plus ุณูุฏุงู ุจูุณ,@SudanPlusNews,2024-01-30 18:33:54,"ุงููุงุทู ุงูุฑุณูู ุจุงุณู ุงูููุ.ุููุงููู.ูุฉ ุงูุดุนุจูุฉ ูู""ุณูุฏุงู ุจูุณ"": ูุฏููุง ุฃุณุณู ุชุถูู ุตูุงูุฉ ุงูุฃูู ุงููููู ุงูุณูุฏุงูู ูุฃูุง ูููุฏ ุงูุณูุงุญ ุฅูู ุญุฑุจ ุฃูููุฉ. https://t.co/GXPLWQmAHI",,https://www.twitter.com/user/status/1752399755106234512,14,122,8184,2,16,2,152.81,ar,neutral,0.9111426472663879
naif,@NaifNnss53,2024-01-30 17:42:30,"@shimry1000 ุจุณ
ูู ูุฑุฌุน ูุนุงู ูกูฉูจูข
ูุงู ููุงุญูู ุจููู
ููู ูุจูู ุงุณุฑุงุฆูู...ุนูููุง ูุฏูุฑ . ุงูุนุฑุงู ูุณูุฑูุง ุซู ูุตุฑ..ูุฌุชูู ูุฏูู ููุจูุง ูุงูููู..
ููุฑุฌุน ูุนุงู ูขูููข
ูุฒูุฑ ุงูุงุณุชุฎุจุงุฑุงุช ุงูุงูุฑูููู ุญูููุง
ูู ุถุฑุจูุง ุงูุบุงูุณุชุงู
ููุฎุทุท ูู ุถุฑุจ ุงู ูุณุชุญู 7ุฏูู ุจุงูุดุฑู ..
ุจุงูุชุฑุชูุจ.ุงูุนุฑุงู ุณูุฑูุง ููุจูุง ุณูุฏุงู. ููุงู ููุชูู ุจุงูุฑุงู
ูุตุจุฑ",,https://www.twitter.com/user/status/1752386819734536698,0,0,26,0,0,0,0.41,ar,negative,0.9915814995765686
ููุงุก ุงูุจุฑุงุก ุจู ูุงูู,@lwa84948,2024-01-30 15:23:23,"ุจูุดุงุฑูุฉ ููุฉ ุงูููุงู ุงูุฎุงุตุฉ ููุงุก ุงูุจุฑุงุก ุจู ูุงูู ูุฏุงููุฉ ุฌููุจ ุงูุชูุฑุฏ ุฏุงุฎู ูุฏููุฉ ุงูุฏุฑูุงู 
#ูุนุฑูุฉ_ุงููุฑุงูุฉ
 #ุฌูุด_ูุงุญุฏ_ุดุนุจ_ูุงุญุฏ
#ุณูุฏุงู_ูุงุญุฏ_ููุญุฏ 
 #ุจุฑุงุคูู_ูุงุฑุณูู_ุงููู https://t.co/vNdrKIfVzi",,https://www.twitter.com/user/status/1752351812420513959,4,11,181,0,1,0,2.54,ar,neutral,0.5369605422019958
Dalia M.ElMahdi.75,@Aldana751,2024-01-30 12:36:34,"ุฑุณุงูุฉ ูููุฉ ูู ูุงุฆุฏ ููุงุก ุงูุจุฑุงุก ุจู ูุงูู ุงููุตุจุงุญ ุงุจูุฒูุฏ ูุฌููุน
 ุงูุดุนุจ ุงูุณูุฏุงูู ูู ุฏุงุฎู ุงูููุงูุฉ ุงูุดูุงููุฉ ููุทูุฉ ุงูุณููู
#ูุนุฑูุฉ_ุงููุฑุงูุฉ | #ุฌูุด_ูุงุญุฏ_ุดุนุจ_ูุงุญุฏ
#ุณูุฏุงู_ูุงุญุฏ_ููุญุฏ | #ุจุฑุงุคูู_ูุงุฑุณูู_ุงููู https://t.co/nT21gVspEU",,https://www.twitter.com/user/status/1752309831321387109,13,44,496,0,1,0,6.58,ar,positive,0.7327796816825867
ุนุตุงู,@sexlibya7,2024-01-30 12:26:32,@libyapress2010 ูููู  ุชุฑุณู ุงูุณูุงุญ   ููุงูุบุฑ  ูุฎุงุตุฉ ุญุฑุจ ู ุณูุฏุงู,,https://www.twitter.com/user/status/1752307306098799019,0,1,50,0,0,0,0.28,ar,negative,0.9785117506980896
ุฃุจูุจูุฑ ููุณููฐ,@Abobakar_musa,2024-01-30 12:21:30,"@ahmdahshan ูุง ุฃุฏุฑู ุนู ููุจูุง ููู ุงูุณูุฏุงู ูู ูุณุชููุฏ ูู ุงุชุญุงุฏ ูุน ูุตุฑ ุญุงููุงู.
ูุตุฑ ูููุง ุงูุชุธุงุธ ุณูุงูู ูุจูุฑุูุญูุฌุฉ ููููุงุฑุฏ ูุชุจุญุซ ุนู ูุชููุณ ุฌููุจุงูุููุฐุง ูุฏ ูุญุฏุซ ุจููุงุจู ุุณูุฏุงู ูุง ุจุนุฏ ุงูุญุฑุจ ูู ูููู  ุจุญุงุฌุฉ ูุงูู ุงู ุญูุงูุฉ ูู ุฃุญุฏ.ูุฑุตุฉ ูุตุฑ ุงูุขู ูู ุงููููู ูุน ุฅุฑุงุฏุฉ ุงูุดุนุจ ุงูุณูุฏุงูู ูููุณ ุงูุนูุณ.",,https://www.twitter.com/user/status/1752306037166612960,0,2,934,0,2,0,0.11,ar,neutral,0.7125016450881958
ุนุงุจุฑ ุณุจูู,@OsamaAb20881456,2024-01-30 12:06:34,"@Basha9058695014 @EmaarW ุงูููุชุฑุถ ูุจุญุซ ุนู ูุตูุญุชูุง 
ูุญุฏูุฏูุง.   ูุง ูุฌุงู  ูุทูุจุฉ ุงูุฏููุฉ ุงูุฃู ุงูุงู ููุช ุญุฑุจ   ุฃูุง ูุงูุทููุงู  ูุง ูุฌุงู ุฃู ุชุณูุฏ ุฏูู ุฅุซููุจูุง  ููุง ุงูุตููุงู ููุง ุณูุฏุงู ููุง ุงุฑูุชุฑูุง ูู ูููู ูุจุญุซ ุนู ููุณู",,https://www.twitter.com/user/status/1752302279166742738,0,0,54,0,0,0,0.01,ar,negative,0.9361228346824646
ููุงุก ุงูุจุฑุงุก ุจู ูุงูู,@lwa84948,2024-01-30 12:03:27,"ุฒูุงุฑุฉ ูุงุฆุฏ ููุงุก ุงูุจุฑุงุก ุจู ูุงูู 
ุฅูู ูุนุณูุฑุงุช ุงูุฅุณุชููุงุฑ  ุจุงูููุงูุฉ ุงูุดูุงููุฉ ููุทูุฉ ุงูุณููู

#ูุนุฑูุฉ_ุงููุฑุงูุฉ
#ุฌูุด_ูุงุญุฏ_ุดุนุจ_ูุงุญุฏ
#ุณูุฏุงู_ูุงุญุฏ_ููุญุฏ
 #ุจุฑุงุคูู_ูุงุฑุณูู_ุงููู https://t.co/11mdcWbJ5Z",,https://www.twitter.com/user/status/1752301497767915905,0,5,118,0,1,0,2.54,ar,neutral,0.6653615832328796
ููุงุก ุงูุจุฑุงุก ุจู ูุงูู,@lwa84948,2024-01-30 11:49:04,"ุฑุณุงูุฉ ูููุฉ ูู ูุงุฆุฏ ููุงุก ุงูุจุฑุงุก ุจู ูุงูู ุงููุตุจุงุญ ุงุจูุฒูุฏ ูุฌููุน
 ุงูุดุนุจ ุงูุณูุฏุงูู ูู ุฏุงุฎู ุงูููุงูุฉ ุงูุดูุงููุฉ ููุทูุฉ ุงูุณููู
#ูุนุฑูุฉ_ุงููุฑุงูุฉ
 #ุฌูุด_ูุงุญุฏ_ุดุนุจ_ูุงุญุฏ
#ุณูุฏุงู_ูุงุญุฏ_ููุญุฏ 
 #ุจุฑุงุคูู_ูุงุฑุณูู_ุงููู

@Smfdongola https://t.co/XhfGteUbKM",,https://www.twitter.com/user/status/1752297875768299720,1,12,135,0,0,0,2.54,ar,positive,0.8239048719406128
ุตูุงุญ ุนุจุฏ ุงูุจุงุณุท ูุญูุฏ,@gQlsmv2uU20C5KZ,2024-01-30 11:27:56,"@MohdTaqi11 ูุง ุทูุจ 
ูู ุงูุจูุฏ ุงูุทูุจ ๐น๐น๐น:
ุชุณุฃู ุนู ููุชุฎุจ ุงูุณูุฏุงูุุ
ูููุณ ููุงู ุจูุฏ ุงุณูู ุงูุณูุฏุงู 
๐ูุงูุณูู ุงูุณูุฏุงู ูู: ุฌุฒุกุงูุชุทุนู ุงูุฅุญุชูุงู ุงูุงูุฌููุฒู
ูู ูุตุฑ ูุงุถุนุงููุง
ููุง ุงูุชุทุน ุจุงูุณุชุงู ูู ุงูููุฏ 
ูุณููุช ุณูุฏุงู 
ุฅุฎุชุตุงุฑุง ููููุฉ""ุณูุฏ ุงูุงุจุฏุงู ""
ุทูุจ 
ุงูุฑูููุง ูููุง ููููุง ูุตุฑ
 ุณูุฏ ุงูุงุจุฏุงู ๐๐๐",,https://www.twitter.com/user/status/1752292557726400678,0,0,76,0,0,0,0.13,ar,negative,0.7173789739608765
ุนุจุฏ ุงููู,@72GO2euO5IzcyJK,2024-01-30 08:58:11,@OffMishal ุฏู ุญุฑุจ ูุงูููุง ุญุฑุจ ูู ุจุจุฌู ุงูุช ุดููู ุงูุญุฑุจ ูู ุงูุณุฑูู ู ุงููุชู ู ุงูุชุดุฑุฏ ูุงู ุดู ูููุง ุงูููุฑูุถ ุชุฏุนู ุฎุท ุณูุงู ุบูุฑ ูุงูู ุญู ูู ูุงูุฑ ุงูู ุงูุฌูุด ุญูููู ุงูุญุฑุจ ูุชูุงุจู ุจุนุฏ10 ุณููุงุช ูู ุงูุจูุณุช ุญู ุฏุง ูุจุฑุถู ูุง ุญุชูุฏุฑ ุชูุฒู ุงูุฏุนู ุงูุณุฑูุน ุจู ุญุชูู ูู 3 ุณูุฏุงู,,https://www.twitter.com/user/status/1752254874069172367,0,0,46,0,0,0,0.04,ar,negative,0.9943035840988159
Sudan Plus ุณูุฏุงู ุจูุณ,@SudanPlusNews,2024-01-30 07:55:09,"ูุดู ูุตุฏุฑ ุจุชูุณูููุฉ ุงูููู ุงูุฏูููุฑุงุทูุฉ ุงููุฏููุฉ ุนู ููุงุกุงุช ููุฑุชูุจุฉ ุจุฌูุจุง ุชุจุฏุฃ ุงูุฎููุณ ุงููููุจู ุจูู ุชูุฏููู ูุญูููุฉ ุฌููุจ ุงูุณูุฏุงูุ ูุฑุฆูุณ ุงูุญุฑูุฉ ุงูุดุนุจูุฉ ูุชุญุฑูุฑ ุงูุณูุฏุงู ุดูุงู ุนุจุฏ ุงูุนุฒูุฒ ุงูุญูู ุ ูุฑุฆูุณ ุญุฑูุฉ ุฌูุด ุชุญุฑูุฑ ุงูุณูุฏุงู ุนุจุฏ ุงููุงุญุฏ ูุญูุฏ ููุฑุ ูููู ุนูู ุญูุฏูุฉ.

ููุงู ูู""ุณูุฏุงู ุจูุณ"": ุฅู ุงูููุงุกุงุชโฆ https://t.co/RaDILP6QZZ https://t.co/UgpIuPz1bQ",,https://www.twitter.com/user/status/1752239010708144632,1,11,1951,0,1,0,183.37,ar,neutral,0.9934932589530945
ูุงุตุฑ ุณูุฏุงู ุงูุดูุฑู,@Nasser_nss77,2024-01-30 07:53:09,@Ragoodh_ @iAliArabic ุงูุดุนุจ ุงูุณุนูุฏู ุงูุนุธูู ุดุนุจ ุดูู ูุดุฌุงุน ููุฑูู ูุตุงุญุจ ููุงูู ุนุธููุฉ ุงูุณ ุงูุนุตุฑ ุญุตู ุญุงุฏุซ ูููุฏู ุณูุฏุงู ูุงูููุจุช ุณูุงุฑุชู ููุจูุง ุงูู ุงูุฑูุงุถ ููุณุงุนุฏุชู ูุทูุนูู ูู ุงูุณูุงุฑุฉ ููุงููุง ุจูุณุงุนุฏุชู ุชูููููู ุงุฐุง ููุชูู ุดุนุจ ุณุนูุฏู ุนุธูู ุตุงุญุจ ุฑุฌููุฉ ูููุงูู ุจุทูููุฉ ูุฏูุช ุดุนุจ ุงูุณุนูุฏูุฉ ุงูุนุธูู ๐ธ๐ฆโฅ๏ธ https://t.co/xLSc8rXlki,,https://www.twitter.com/user/status/1752238507718762805,1,0,10,0,0,0,3.64,ar,positive,0.9943563342094421
ููุงุก ุงูุจุฑุงุก ุจู ูุงูู,@lwa84948,2024-01-30 06:09:05,"ุจูุดุงุฑูุฉ ุงูุนูู ุงูุฎุงุต ุจููุงุก ุงูุจุฑุงุก ุจู ูุงูู ุชู ุงุณุชูุงู ุนูุงุฑุฉ ุงููุงุฏ ุดูุฏู  ูุนูุงุฑุฉ ุงูุถุฑุงุฆุจ ุจุณูู ุงูุฏุฑูุงู 
ูุงูุชู ูุงูุช ุชูุซู ุบุฑูุฉ ููุงุฏุฉ ูููููุดูุงุช ุจุงูุฏุฑูุงู
#ูุนุฑูุฉ_ุงููุฑุงูุฉ
 #ุฌูุด_ูุงุญุฏ_ุดุนุจ_ูุงุญุฏ
#ุณูุฏุงู_ูุงุญุฏ_ููุญุฏ 
 #ุจุฑุงุคูู_ูุงุฑุณูู_ุงููู https://t.co/0I1oObbcQ1",,https://www.twitter.com/user/status/1752212315712151558,1,9,168,0,0,0,2.54,ar,neutral,0.6687066555023193
ุงููุงุจ ุชุฌู,@ayhabtjw13,2024-01-30 04:42:11,@ajabrah2030 ุจู ุจุณ ุฌูุฉ ุนููู ุฌูุด ูููู ุนููู ูููู ุชุฑูุจ ูููู ... ุณูุฏุงู ุจุฏูู ุฌูุฌููุฏ,,https://www.twitter.com/user/status/1752190446523032013,0,0,1,0,0,0,0.0,ar,negative,0.9848327040672302
ุนุจุฏุงููู ุงููุงุถู,@a_s_f1967,2024-01-30 03:41:27,ูุง ูุตุฑ ููุง ุณูุฏุงู https://t.co/SUYtO9Lx88,,https://www.twitter.com/user/status/1752175162026323975,0,1,155,0,0,0,16.71,ar,negative,0.7019886374473572
ุงููุฑู ูุฏูู,@AmyrhMdny87780,2024-01-30 03:01:27,"@HamadElnou76746 ุญูุธ ุงููู ุงูุฑุฆูุณ ูุงููุงุฆุฏ ุงูุจุฑูุงู
ุฌูุด ูุงุญุฏ ุดุนุจ ูุงุญุฏ 
ุญุณู ุนุณูุฑู ููุฌูุฌููุฏ ูุงููุญุงุชู 
ุณูุฏุงู ุฎุงูู ูู ุงูุฎููู ูุงูุนููุงุก
ูุญุช ูุฑุช ูุงุชุญุฑู ููุง ุชูุซู ุงูุดุนุจ ุงูุณูุฏุงูู",,https://www.twitter.com/user/status/1752165098347471311,0,0,9,0,0,0,0.0,ar,positive,0.9888463616371155
ุงููุฑู ูุฏูู,@AmyrhMdny87780,2024-01-30 02:57:59,@Newsudan99 ุงูุณูุฏุงู ุงูุฌุฏูุฏ ูุงูู ุงู ุฃุญุฒุงุจ ุณูุงุณูู ูููุง ุฌุฑุจูุงูุง ููุงูู ุญุฑูุงุช ูุณูุญู ุณูุฏุงู ุฎุงูู ูู ุงูุฑูู ุฌูุด ูุดุนุจ ูุงูุณูุทุฉ ุณูุทุฉ ุดุนุจ,,https://www.twitter.com/user/status/1752164223336018426,0,0,27,0,0,0,0.0,ar,negative,0.907335102558136
hussain,@synlyd61,2024-01-29 20:50:24,@Yacoub__Adel @magdi_khalil ูุง ูุงููู ุฅูุง ุซูุฑุฉ ุฌูุงุน ููุฑูุจูุง ุงูุฃุฎูุงู ูุฑุฉ ุซุงููุฉ ูุน ุงุฑูุงุจ ุนููู ููุงุจูู ูุฌุงุฒุฑ ูู ุงูุนุณูุฑ ูุตุฑ ุจุชููู ููุจูุง ุงู ุณูุฑูุง ุงู ุณูุฏุงู ุฌุฏูุฏุฉ ุฃูุฑุจ ุงุฐุง ููุช ูู ูุตุฑ,,https://www.twitter.com/user/status/1752071717759971388,0,0,30,0,0,0,0.02,ar,negative,0.9962299466133118
ููุซ ูุญูุฏ,@MohMoh24408505,2024-01-29 20:50:08,@cr7_Qtr ูู ุญููู. ุงูุงุฑุงุช. ุงูุชุฑุช ูุณุงุฏ ูู ุณูุฏุงู.,,https://www.twitter.com/user/status/1752071651854782651,0,0,29,0,0,0,0.24,ar,negative,0.9958735108375549
yah yah,@yahyah215665,2024-01-29 17:21:50,@AbdiNasirHashi @awad_ghalib @MusaSheiko @SabrinAhmedSh @naser_et @AbdushekurHass2 @Alarusi1 @Yabatuwa_Lij @BintWollo ูุตุฑ ุชูุนุจ ุนูู ูุชุฑ ุงูุนุฑูุจู ุงูุฒุงุฆูู ูุฌุงูุนุฉ ุงูุนุฑุจ ุงูุนูุตุฑูู ุงููุตุฑูู ูุฃููุง ุชุนุฑู ุฃู ุดุนุจ ุงูุตููุงู ูุดุนุจ ุงูุณูุฏุงู ุดุนูุจ ุนุงุทููู ูููุถุญู ุนูููู ุจุฅุณู ุงูุนุฑูุจู ุงูุฒุงุฆูู ูุงูุฅุณูุงู ูุชุณุชุบููู ูุตุฑ ููุตุงูุญูุง ุญุชู ูุฅู ูุงู ุนูู ุญุณุงุจ ุชุฏููุฑ ุฏูููู ููุง ูุนูุช ูู ุชุฏููุฑ ุงูุตููุงู ูู ูุจู ูุฏูุฑุช ุณูุฏุงู,,https://www.twitter.com/user/status/1752019231523172462,0,0,1,0,0,0,0.0,ar,negative,0.9970013499259949
ููุงุก ุงูุจุฑุงุก ุจู ูุงูู,@lwa84948,2024-01-29 17:08:01,"ุงูููุงุช ุงููุณูุญุฉ ุงูุณูุฏุงููุฉ ุชุตุฏ ูุญุงููุฉ ูุฌูู ูุงุดูุฉ ูููุชูุฑุฏูู  ุนูู ุณูุงุญ ุงููุฏุฑุนุงุช ุงูููู ุงูุฅุซููู 29ููุงูุฑ ุ ูุชู ุชุฏููุฑ ุฏุจุงุจุฉ ููุนุฏู ููุฏูุน ุฑุจุงุนู ูุงุซููู ูุฏูุน ุซูุงุฆู ูุนุฏุฏ ูุจูุฑ ูู ุงููุชูู. 
#ูุตุฑ_ูู_ุงููู_ููุชุญ_ูุฑูุจ
#ูุนุฑูุฉ_ุงููุฑุงูุฉ
 #ุฌูุด_ูุงุญุฏ_ุดุนุจ_ูุงุญุฏ
#ุณูุฏุงู_ูุงุญุฏ_ููุญุฏ
 #ุจุฑุงุคูู_ูุงุฑุณูู_ุงููู https://t.co/8goA8SPfQb",,https://www.twitter.com/user/status/1752015754608738699,3,11,229,0,0,2,2.54,ar,positive,0.4232645332813263
znassni,@znassnii49,2024-01-29 16:52:50,ุงููุฑูุฉ ูุชุงุน ูุทุฑ ุงููุต ูู ุดูุงู ุฅูุฑูููุงุ ุงููุต ูู ุณูุฏุงูุ ูุต ูู ูุตุฑุูุต ูู ุฃูุฑููุง ูุงุชูููุฉ ู ูุต ูู ุงูุจูุบูุงุฏุด ู ุฎุงุณุฑูู ูุน ูุฑูุฉ ูุง ุชุฑููุงุชุด 6 ุดููุฑ,,https://www.twitter.com/user/status/1752011935871021299,5,9,957,0,1,0,8.21,ar,negative,0.9924107789993286
B.O.25,@BSBIE_1,2024-01-29 16:09:39,@emperror114 @khulood_salman @ALWEFAQ ุงูุฒูู ูู ููุงุนุฏ ุจุงูุนุฑุงู ู ุณูุฑูุง ู ูุตุฑ ู ุณูุฏุงู ู ูุทุฑ ู ุงููููุช ู ูุงูุฏ ุฏูู ุฌุช ุนูู ุงูุจุญุฑูู,,https://www.twitter.com/user/status/1752001064524566837,0,0,28,0,1,0,0.01,ar,negative,0.9848223924636841
hamo hish๐ฉ๐ฟ๐ฆ,@hamoudihic60701,2024-01-29 16:06:26,@ChawkiBenzehra ุณุคุงู ูุง ุฒููู ูุงุฐุง ุชูุนู ุฃูุงุฑุงุช ูู ุณูุฏุงู ูุง ุฐุฎููุง,,https://www.twitter.com/user/status/1752000257024577741,0,1,303,0,1,0,0.02,ar,negative,0.979966938495636
Fakhre,@fakheridou,2024-01-29 15:09:52,"@magdi_khalil ูุตุฑ ุชุชูุงุฑ ุจุณุจุจ ุงูููุถู ุงููุญูุทุฉ ุจูุง 

ุบุฒู ููุจูุง โฆ.ุญุฑุจ ูู ุณูุฏุงู ..ู ููุณุทูู ู ุจุงุจ ุงูููุฏุจ

ูู ูุงู ุจูู ูุฐู ุงูููุถู ุุุ 

ุงูุงุฌุงุจุฉ ูุงุถุญุฉ",,https://www.twitter.com/user/status/1751986022844440943,0,8,5929,0,21,0,0.01,ar,negative,0.99599289894104
ุซุฑูุง ุงูุดุงูู๐ฒ๐ฆ,@samcofee,2024-01-29 13:39:08,@NouranHass12969 ุงูุง ุจุตุฑุงุญุฉ ุจุญูู ุชุฌุฑุจุชู ุจูุตุฑ. ูุงุณ ุทูุจูู ูุญุจูู ุงููุบุงุฑุจุฉ ูู ุชูุงุฑุจ ุจููุง ุฑุบู ุจุนุฏ ุงููุณุงูุฉ. ูุง ูุงุญุธุชู ูู ูุตุฑ ุจูุฏ ูุณุน ุงูุฌููุน ููุง ุชุฌุฏ ูุตุฑู ูุงุญุฏ ูุฐุงูู ูู ูุงุฌุฆูู ูุน ุงูุนูู 10 ููููู ูุงุฌุฆ ุนุฑุจู ุจูุตุฑ ูู ุณูุฑูุง ุณูุฏุงู ุงูููู ุงูุนุฑุงู.. ููู ุนุงูุด ููุณุชูุฑ. ูุฃุชููู ูุตูุญ ุญุงู ูุตุฑ ูุงู ุงูููุง ูุณุชุญููู ุงูุงูุถู โคโค,,https://www.twitter.com/user/status/1751963189250564553,0,1,36,0,1,0,0.2,ar,positive,0.9932236671447754
Ammar Elsadeg ุนููุงุฑ ุงูุตูุงุฏู,@Amaralsadeg,2024-01-29 11:43:45,@MedoFcb0 ูุงู ุฒูู ุฑุงุถู ุนูู ูุฌูุฏ ุงู ุฒูู ุดุงูู ุณูุงุญ ุบูุฑ ุงูุฌูุด ูุฏุง ุงูุจุฎูููุง ูุชูุงุฏู ุงู ุญุฑุจ ุจุณ ุงูุงูู ูู ูุฏุง ุนุดุงู ุฏุง ูุญุตู ูุฌุจ ุงุจุนุงุฏ ุงูุณูุทุฑู ุนูู ุงูุญูู ุจุงูุณูุงุญ ูุงูู ุฏุง ูุชุงูุฌู ุงูุทุจูุนูู ุชูุฑุฏ ุจุงูุณูุงุญ ูุจููุบ ุงูุณูุทู ู ุจูุฏุง ุจูุถูู ุณูุฏุงู ุงูู ุนูู ุงูู ุชูุฏูุฑ ุฎูุงู ูุฏุง ุฏุง ููู ููุณู ูุญูุนูุฏ ููุณ ุงูุญุฑูุจ ุจูุฌูู ุงุฎุฑู ุจุณ,,https://www.twitter.com/user/status/1751934151811313826,0,0,10,0,0,0,0.87,ar,negative,0.9904848337173462
Khaled Azzam,@Abdelbaky_58,2024-01-29 11:41:05,"@AhmedRa70689960 ุฏุงุฎููู ุนูู ุณูุฏุงู ุฌุฏูุฏุฉ 
ุฑุจูุง ูุญูุธู ูุง ูุตุฑ ูู ููุฏ ุงุจูุงุฆู ูุดุนุจูู 
ุงูุงุฎูุงู ูุงููุง ุนุงูุฒูู ูุณูุทุฑูุง ุจููููุดูุงุชูู ุนูู ููุงุตู ุงูุฏููุฉ 
ู ุงูุณูุณุงููุฉ ุงุณุชูููุง ุนูู ููุงุตู ุงูุฏููุฉ ุจุนุณูุฑุฉ ุงูุฏููุฉ 
ูุฏููุฉ ุงูุฏููุฉ ุงูุชูุช ุจุฑุญูู ุงูุณุงุฏุงุช ู ูุจุงุฑู 
ุงูููู ุงุฑุญููู ู ุงุณูููู ุงููุฑุฏูุณ ุงูุงุนูู ุจุงูุฌูุฉ ุงูููู ุงููู ๐คฒ",,https://www.twitter.com/user/status/1751933479393047000,0,5,321,0,3,0,0.06,ar,negative,0.9765588045120239
Fragig โตฃ,@MohamedLebig,2024-01-29 10:39:08,"@hafizahmed31 @drhossamsamy65 ุจุนุฏ ุงู ุฏูุฑุช ุณูุฏุงู ุชููู ุจุชุฏููุฑ ูุงูู ู ุชุฎุทุท ูุชุฏููุฑ ููุฑูุชุงููุง ู ุฌุฒุงุฆุฑ 
ุงูุงุฑุงุช ุชุญุชู ููุฑูุชุงููุง ุชุณูุทุฑ ุนูู ูู ุดูุฆ",,https://www.twitter.com/user/status/1751917888154292686,0,0,7,0,0,0,0.01,ar,negative,0.9713539481163025
Le rรฉveil รฉgyptien๐ช๐ฌ๐ซ๐ท,@EgyptienRe6290,2024-01-29 08:32:32,@mah_ramn @aqm10_ @hellomybrozers ูุตุฑ ููุณ ูุญูุทุฉ ูุง ุญูุงุฑ ุงุญูุง ูุฑูุจูู ูู ููุจูุง ุณูุฏุงู ููุณุทูู ููุณ ูุฑูุจูู ูููู,,https://www.twitter.com/user/status/1751886028963495939,0,0,435,0,1,0,0.02,ar,negative,0.6869733333587646
ููุงุก ุงูุจุฑุงุก ุจู ูุงูู,@lwa84948,2024-01-29 07:33:26,"ููุฉ ุงูุนูู ุงูุฎุงุต ููุงุก ุงูุจุฑุงุก ุจู ูุงูู ุงููุฏุฑุนุงุช ุ ุนูููุงุช ููุนูู ุฏุงุฎู ุนูู ุงููููุดูุงุช  ุจุฌุจุฑุฉ 
#ูุนุฑูุฉ_ุงููุฑุงูุฉ
 #ุฌูุด_ูุงุญุฏ_ุดุนุจ_ูุงุญุฏ
#ุณูุฏุงู_ูุงุญุฏ_ููุญุฏ
#ุจุฑุงุคูู_ูุงุฑุณูู_ุงููู https://t.co/pBlj1I1eX5",,https://www.twitter.com/user/status/1751871156615782774,1,15,181,0,0,0,2.54,ar,positive,0.778389573097229
ุงูุง ุจูุฎุฑ ุจูู ูุงูุทูู,@hageronour,2024-01-29 04:39:45,"@KHOYousif ูุนู ูููุง ูููู ูุง ููุญุฑุจ ูุนู ูุชูููุฉ ุงููุคุณุณุฉ ุงูุนุณูุฑูุฉ ูุนู ูุณุญู ุงูุฌูุฌููุฏ ูุนู ูุณูุฏุงู ุขูู ูุนุงูู ูุนู ููุดุงุฑูุฉ ูู ุณูุฏุงูู ูู ุชุนููุฑ ูุจูุงุก ุณูุฏุงู ุฌุฏูุฏ 
ููุง ูุญู ุงููุคุณุณุฉ ุงูุนุณูุฑูุฉ ูุงุณุชุจุฏุงููุง ุจูุฑุชุฒูุฉ ุงุฌุงูุจ ูุง ูุฏูุฌ ุงู ุฌูุฌููุฏู ูู ุฌูุด ุจูุงุฏู ูููุง ูุง ูุงุญุชูุงู ุจููุชูุง ูููุจูุง ูุง ูุญูู ูู ุงุจุงุฏ ุงูููุง ุจุฏุงุฑููุฑ",,https://www.twitter.com/user/status/1751827445479580130,0,0,22,0,0,0,0.88,ar,negative,0.6927181482315063
Moha_med,@LebigMohamed,2024-01-28 22:07:18,"@05_aidel @AhmadDaoud14 ุงูุงุฑุงุช ุฑุงูู ุถุฏูุง ุฌุฒุงุฆุฑ ูู ุชุชููู ุนูููุง ูุงู ูุฐู ูู ุนูุงูุงุช ุฏุจูููุงุณูุฉ
ููู ูุงูุดุนุจ ูุฌุจ ุงู ูุนุฑู ุงู ุงูุงุฑุงุช ูู ุฎุทุฑ ุนูู ูู ุฏูู ูุณููุฉ
ุฎุฑุจุช ุงูููู ุณูุฑูุง ููุจูุง ู ุณูุฏุงู ู ูุตุฑ",,https://www.twitter.com/user/status/1751728685323899132,0,0,26,0,0,1,0.12,ar,negative,0.9938212633132935
y z n,@lc83_,2024-01-28 21:37:23,@a5medv ููู ุชุดุฌุน ูุตุฑ ุทูุจ ูููุจ ูุตุฑ ููุณูุง ุงููู ุฑูุถุช ุชูุชุญ ุงููุนุจุฑ ููุดุบููุง ุนู ุงูุงูุงุฑุงุช ุงูุช ูุดููุชู ููุจ ุนู ุณูุฏุงู ููุง ุณูุฑูุง ููุง ุดู ูุดููุชู ุดุฎุตูู ูุนูู,,https://www.twitter.com/user/status/1751721156132909209,0,0,135,0,0,0,0.02,ar,negative,0.9924253225326538
youcef,@youce79226,2024-01-28 21:08:52,@FREEAZAWAD ุฑุงูุจ ุฌูุฏุง ุชุญุฑู ุงูุฌุฒุงุฆุฑ ...ููููุง ุณูุฏุงู ..ููู ูุณูุชู ุงุดุนุงู ุงูุฎููุฌ ุงููุงุฑุณู ุณูุชู ุฌุฑ ุงูุงูุงุฑุงุช ุงูู ุญุฑุจ ูุงูุช ุชุฑูุฏูุง ููุฌุฒุงุฆุฑ ุญูููุง ุณูุชู ุงููุถุงุก ุนูู ุงููููุงุก ุงูุญููู ุงูุงูุงุฑุงุช ุชุฑููุง ูุบูุฑูุง ูู ุงูุจูุงุฏู ูู ุงููุฑูุจ ุงูุนุงุฌู ูุงูู ุงูุชูุช ุตูุงุญูุชูู ุญุงููุง ูุชู ุงูุชุงุณูุณ ููุธุงู ุฏููู ุฌุฏูุฏ ุณูููู ููุฌุฒุงุฆุฑุงูุฏูุฑ ููู,,https://www.twitter.com/user/status/1751713977682321511,0,0,3,0,0,0,0.0,ar,negative,0.9923920035362244
NassirSuliman,@abdallnassir,2024-01-28 21:07:12,"@mustafa55345 ุฃุญ ููู ูุงุ 
ูุชูู ุจุนุฏ ุฏุงู ูููู ูุฑุฌูุน ูุฌูุฌููุฏุ ูุงููู ููุฌูุฏูู ูู ุฒูุงู.
ุงุฐุง ุงุชูููุง ู ุงุชูุงู ุนูู ุชุงุณูุณ ุณูุฏุงู ุฌุฏูุฏ ูุณูุฏ ูููุง ุงูุนุฏุงูุฉ ู ุงููุณุงูุงุฉ ู ุงูุฏูููุฑุงุทูุฉ ู ุงูุณูุฏุงู ุฏููุฉ ูุชุนุฏุฏุฉ ุงูุงุฏูุงู ู ุงูุซูุงูุงุช ู ูุบุงุชุ ู ุชุฃุณูุณ ุฌูุด ูููู ูููู ูููุง ุชูุซูู ุญุณุจ ุชุนุฏุงุฏ ุณูุงู ุงูุงูุงูููุ ุงููุฏ ููุชูุง ูุงูู ูุงูุน",,https://www.twitter.com/user/status/1751713560432943420,1,13,315,0,1,0,1.24,ar,neutral,0.5772950649261475
Khalid Bin Showail,@khalid_s_ghamdi,2024-01-28 16:46:12,"@abdallah19296 #ุฎูุงุฑุฌ_ุงูุนุตุฑ 
#ููุงุจ_ุงูููุฑ 
ูุง ุบุฑุงุจุฉ ูู ูุง ููุนู ูููููุ ููู ูุฃูุซุงูู ุฃุญูุงุฏ ..
- ุนุจุฏ ุงููู ุจู ุณุจุฃ ุงููููุฏู
- ุงูุบุงููู ุจู ุญุฑุจ ุงููุตุฑู
- ููุงูุฉ ุจู ุจุดุฑ ุงูุชุฌูุจู
- ุณูุฏุงู ุจู ุญูุฑุงู
- ุนุจุฏ ุงููู ุจู ุจุฏูู ุจู ูุฑูุงุก ุงูุฎุฒุงุนู
- ุญููู ุจู ุฌุจูุฉ ุงูุจุตุฑู
- ูุงูู ุจู ุงูุญุงุฑุซ ุงูุฃุดุชุฑ",,https://www.twitter.com/user/status/1751647876223000734,0,0,80,0,0,0,2.02,ar,negative,0.978509247303009
ููุงุตโญ๏ธ&ูููุงูโค๏ธ๐ค,@tez24by4gaming,2024-01-28 16:18:39,"ูุงูุจุฑูุง ุงููุฐุจู

ุฑุฏุง ุนูู ูููู ุงูุจุฑ ูู ุงูุฌููุน ๐๐๐

ุจูู ุฑุดูุฏ ููู ุจุทู ูุงุญุฏ ููุท ูู ูฅ ูุทูู 

ูููุช ุณุนูุฏูู ูุทุฑ ุณูุฏุงู ููุฐูู ูุตุฑ 

ูุฆููุงุก ูู ุงููุฑุน ุงูุตุบูุฑ ุฌุฏุง ููููู ููุฐุจ ุนููุง ูููู ููุงุจู ูุงูุงุฎุฑ ูููู ููุงูู 
ูููููู

ูุฏุงูุน ุนู ุงููุฐุงุจูู ูููุฐุจ ุงูุดูุณ ๐ ุงููู ูุงุชูุทู ุจุบุฑุจุงู ูููู
ูงูฅูู ูุน ุงุทูุงููู https://t.co/Hub8QKhQlA https://t.co/JXNzkIJMtq",,https://www.twitter.com/user/status/1751640943596273854,1,0,464,1,0,0,1.2,ar,negative,0.9967042803764343
MOHAโ๏ธED B๐IKER โ๏ธ๐ธ๐ฉ,@M_A_Babiker,2024-01-28 16:01:57,@atafmohamed3 ุงูุนูุจ ูุง ุนูู ูุตุฑ ููุง ุนูู ุงูุณุนูุฏูุฉุ ุงูุนูุจ ุนูู ุงูููุงูุงุช ุงูุนูุฏูุง ุณูุงุก ุนุณูุฑููู ุงู ุณูุงุณููู !! ูุฃูู ูู ูุงููุง ูุงูููู ูุฑุงูุฒูู ุตุงุญ ูุง ููุง ุญ ูุดูู ุงู ูุณูุน ุจุงู ุฏููุฉ ุชุชุฏุฎู ูู ุดุคููุง !! ุงููู ูุฑุญูู ูุง ุณูุฏุงู ุงูุนุฒุฉ ูุงูุดููุฎ !!!!,,https://www.twitter.com/user/status/1751636739083346157,0,0,23,0,0,0,0.14,ar,negative,0.9919569492340088
sola saad,@solarasaad,2024-01-28 15:40:35,"@RashidNouri @Mokhtar25920020 @sitshomos ูููุณ ุงููุฑุถ ุงูุจุฎููู ุชูุฑุญ ุจู ุญุฑุจ ูู ุงูุจุฎููู ุชูุชูุฑ ุงูู ูู ูููู ุงุจูุถ ูุนูุงุชู ุงูุช ุงุญุณู ูุงูู ุณูุงุฏ ุงูููู ุณุจู ูู ุงุณุชุนุฑููุง ููู ู ูุงู ุณูููุง ""ุณูุฏุงู""  ุงููู ูุดููู ุนูู ูุฑูุถ",,https://www.twitter.com/user/status/1751631364762312985,0,0,29,0,1,0,0.42,ar,negative,0.9705937504768372
Bilal Tete,@TeteBilal67464,2024-01-28 14:34:23,@ahafsidz ุชุจูู ู ุดููุฑูุญุง ุนุงุฏู ููุจูู ุบูุญูุงูู ุนุฌุฒุฉ ุฎููู ูุฏููู ุงุฌูุฏู ูุฑูุณุง ุธุฏ ูุงูู ู ูุฌุฑ ู ุณูุฏุงู ู ูุตุฑ ู ุงููุบุฑุจ ููู ุฏูู ุงูุงูุฑููุง,,https://www.twitter.com/user/status/1751614705460707601,0,0,71,0,0,0,0.0,ar,negative,0.9967015385627747
Mustafa,@Mustafa76396829,2024-01-28 14:21:25,@Emy5759395 ูููู ุชุฑูู ุณูุฏุงู ุงุฌู ุนูู ูุตุฑ,,https://www.twitter.com/user/status/1751611441025610080,0,0,18,0,0,0,0.57,ar,negative,0.9875822067260742
Bilal Tete,@TeteBilal67464,2024-01-28 14:11:07,@ahafsidz ูุง ุฎุงููุชู ูุง ูุงูู ูุง ูุฌุฑ ูุง ุณูุฏุงู ูุง ุงูุงุฑุงุช ูุง ุณุนูุฏูู ูุง ูุบุฑุจ ูุง ูุตุฑ  ุนุฌุฒุฉ ูุฑูุณุง ุตุฑุทุงู ุงูุฑูููุง   ุดูุงุทูู  ูุง ูุฎุฑุจูู ูุง ุฎููุฉ ูุง ุงุชุจุงุน ูุฑูุณุง,,https://www.twitter.com/user/status/1751608848098402329,0,0,37,0,0,0,0.0,ar,negative,0.9974840879440308
Khaled......,@112_kh,2024-01-28 13:05:40,"ุงุญูุง ุนูุฏูุง ุญุฑุจ ุงูุฏุนู ุงูุณุฑูุน ุณูุทุฑ ุนูู ุงูุฎุฑุทูู ุณูุทุฑ ุนูู ูุฏูู ูุงุดู ุนูู ุดูุฏู ูุญูุณูุท  ุจูุฑุช ุณูุฏุงู ููู ุจุดูู ุงูุนูุงูุงุช ุงูุซูุงุฆูุฉ ุจูููุง ูุจูู ุงูุฌุฒุงุฆุฑ ุ!
ุบูุชู  ูุนูุงุชู ูุณุชุนุฏ ุนูุดุงู ูุณุชุฎุฑุฌ ุฌูุงุฒุงุช ุงูุฏููุฉ ุงูุฌุฏูุฏุฉ 
ุงูุง ุงูู ูุฑุฉ ุงุดูู ูู ูุงุฆุฏ ุฌูุด ุจุดูู ุนูุงูุงุช ุซูุงุฆูุฉ ููุทูู ุจูุณูุท !!! https://t.co/dmlcY7HbbH",,https://www.twitter.com/user/status/1751592378505339103,0,0,35,0,0,0,0.66,ar,negative,0.9900055527687073
Adam Adam,@manhal_amoun,2024-01-28 11:25:38,@Russianowarabic ุทูุจ ุงุซูู ุจูุง ูุดูุฑุน ู ุทูุจ ูุตุฑ ู ุณูุฏุงู ูู ููุฑ ููู ุบูุฑ ูุดุฑูุน ูุง ููุงูู,,https://www.twitter.com/user/status/1751567205165158803,0,1,77,0,0,0,0.0,ar,negative,0.9971140623092651
ุงูุทูุจ ูุญูุฏ ุงูุทุงูุฑ # ๐ธ๐ฉ,@eltayibeltahir,2024-01-28 11:14:07,@hassan_adilll ุงูุฌูุด ุฌูุด ุงูุฑุงู ูุง ููุฒุงู ููุง ุณูุฏุงู,,https://www.twitter.com/user/status/1751564304543863204,0,0,1261,1,1,0,0.11,ar,negative,0.7273026704788208
ูุง ุชุดุชู ูุง ุชูุนู ูุง ุชุบุชุจ ูุง ุชุฎูู ูุง ุชุฎูู ูุง ุชูุฐุจ,@mad4uou,2024-01-28 10:39:48,"@GwBKsdZELVwrMvm ุตุฑุฎ ุงููุงุฌู ูู ููุงู 
ููุงูุฉ ุญุฑุจ ูุฏูุงุฑ ุณูุฏุงู
ูุง ุญููู ุฎุฑุทูู ูุงูููู ูุงูุฌุงุฑ

ูุงุฏูุช ุณูุงู ูู ุฌููุจ ุณูุฏุงู
ููุงูู ุญุฑุจ ูู ุณูุฏุงู
ููุงูุฉ ุญุฑุจ ูู ูุฑุฏูุงู
ููุงูุฉ ุญุฑุจ ูู ุฏุงุฑููุฑ https://t.co/Arj4MikK7S",,https://www.twitter.com/user/status/1751555667305927111,0,1,59,0,1,0,0.02,ar,negative,0.9929587841033936
ููุงุก ุงูุจุฑุงุก ุจู ูุงูู,@lwa84948,2024-01-28 09:19:25,"ููุงุก ุงูุนููุฏ ุฑูู ุงุญูุฏ ุงูุทูุจ ูุงุฆุฏ ุงูููุงุก 73 ูุดุงุฉ ุจูุญููุฉ ุงูุฏุจุฉ ูุน ูุงุฆุฏ ููุงุก ุงูุจุฑุงุก ุจู ูุงูู 
#ูุนุฑูุฉ_ุงููุฑุงูุฉ
#ุฌูุด_ูุงุญุฏ_ุดุนุจ_ูุงุญุฏ
#ุณูุฏุงู_ูุงุญุฏ_ููุญุฏ
#ุจุฑุงุคูู_ูุงุฑุณูู_ุงููู https://t.co/PV6A4K4hZQ",,https://www.twitter.com/user/status/1751535438483853604,2,8,240,0,0,0,3.05,ar,neutral,0.8113563060760498
Mano,@osmangalal26,2024-01-28 08:34:45,"@AlhalabiFedaa ูุง ุฐู ุฏุฎูู ุงูุงูุงุฑุงุช ูู ุญุฑุจ ุงูุณูุฏุงู ุุุุ
ุงููู ุทูุนุงู ูู ุฎูุฑุงุช ุงูุณูุฏุงู 
ูุงูุฎููู ูุงูุธููู ุนูู ููู ูู ูุดูู 
#ุณูุฏุงู_ุญุฑ",,https://www.twitter.com/user/status/1751524198592221539,0,0,28,0,0,0,0.01,ar,negative,0.993873119354248
ุบุฒุฉ ุงูุนุฒุฉ,@Gaza_forever0,2024-01-28 08:30:10,@ya_janoub ูุง ููุฌุฏ ุฏููุฉ ูุงููุง ุดุนูุจ ูุฑุฌุงู ุงุนูุงู ูุฏุนููู ุงูููุงููุฉุ ูุงูู ุดุนุจ ูุฏุนู ุงูููุงููุฉ ูู ุงูุงุฑุฏู ุซู ููุจูุง ุซู ูุตุฑ. ุงูุง ูู ูุงุญูุฉ ุงูุฑุฌุงู ุงูุงุนูุงู ุชู ูุดุฑูู ูู ูุจู ุงูุฑููุง ูู ุงูุฌูุณูุงุช ุณูุฏุงู ู ุงูุงุฑุฏู ู ูุตุฑ ู ุชุฑููุง.,,https://www.twitter.com/user/status/1751523045284495673,0,0,22,0,0,0,0.0,ar,negative,0.9466062784194946
Hassan,@hsnabwmad1,2024-01-28 07:24:21,"@abdo_Elgni ูู ููุง ูุตุงุนุฏุง ุณูุฏุงู ุจุฏูู ุฃุญุฒุงุจ ูุนููุงุก ุณูุงุฑุงุช
ุฌูุด ุจุณุณุณ ๐ช๐ช๐ช๐ช๐ช๐ช",,https://www.twitter.com/user/status/1751506482611327289,0,0,233,0,0,0,2.7,ar,negative,0.9931981563568115
Dina Elnagarโฆ๐ช๐ฌโฉ,@DinaElnaga11285,2024-01-28 07:19:58,@harb_19190 @lMiEiPEXm0xO4bv @EmaarW ูุง ูู ุงุฏุฎุงู ุงููุณุงุนุฏุงุช ุจุงูุนุงููู ูุน ูุงุณ ุจุชุชููู ูุนูู ุงุนูุงู ุญุฑุจ ูููุง ุนุงูุฒูู ูุฏู ุนุดุงู ูุณูุญููุง ุฒู ุงูุงู ุงูููุณู ููุงุชุญูู ุนูู ูุตุฑ ุฌุจูุงุช ูู ูู ูุงุญูุฉ ุงูุชู ููู ุจุงูุนูู ุจูุฏูู ูุฏู ุดุนุจูู ูุฌููุฏูู ูุงุทูุงููู ุงููุตุฑููู ุงูุช ุดุงูู ููู ุฌูุจู ุจุฑูุทุงููุง ูุงูุฑููุง ููุฑูุณุง ุดุงูู ุงูุฌุจูุงุช ุณูุฏุงู ูููุจูุง ูุบุฒู ๐ฃ,,https://www.twitter.com/user/status/1751505380658631123,0,0,33,0,2,0,0.44,ar,negative,0.9972589015960693
Toya,@Toya_889,2024-01-27 23:04:49,"ุงูู ุจูุญุตู ุฏู ููู ูุฏูู ูุญุงุฑุจู ูุญุตุงุฑ ูุตุฑ ุงุญูุง ุนูุฏูุง ูุฐุง ุฌุจูู ููุญุฑุจ  ูุงุฑุจ ุงูุตุฑ ูุตุฑ ุจูุฏู ูุฌูุด ูุตุฑ ูุงุฑุจ
ุญุฑุจ ุงูุชูุจุฑ ุญุงุฌู ูุงุนุชูุฏ ุฏูู ุญุงุฌู ุชุงููู ูุงุตุนุจ ูุงู ูุฐุง ุฌุจูู ุณูุฏุงู ูููุจูุง ูุงุซููุจูุง ูุบุฒู ููู ูู ูุงูุช ุฌูุฑู ูููุณู ุจุชุญุจ ุจูุฏูุง ูุชุฏุงูุน ุนู ุงุฑุถูุง ูููุฑุจูุด ูู ูู ุญุชู ูููุด ุงููุถุน ูุฏู https://t.co/kehCPrTdEg",,https://www.twitter.com/user/status/1751380769178616089,0,1,80,0,0,0,1.17,ar,negative,0.9640432596206665
Moha_med,@LebigMohamed,2024-01-27 22:10:35,"@AladinToubib @HamdyDiouara ููุงุจู ุงู ุฑูุณูุง ู ุงูุงุฑุงุช ุฑุงุญ ุชุฃุฎุฐ ุซุฑูุงุช ูุงูู
ุฑูุณูุง ุชุฏู ุซุฑูุงุช ุจุงุด ุชููู ูุนุฑูุฉ ุชุงุนูุง ุถุฏ ุงููุฑุงููุง
ุงูุงุฑุงุช ุชุฏู ุฐูุจ ุจุงุด ุชุณุชุนููู ุจุงุด ุชูุณุฏ ูุงุด ุฏููุฉ ูุณููุฉ ุงุฎุฑู ูููุง ุฏุงุฑุช ูู ุณูุฏุงู ู ููุจูุง
ููุงุจู ุงู ูุณุชูุฑ ุงููุธุงู ูุงูู ุญุงูู ูู ุงูุญูู ุงุจูุงุก ุนูู ููุงุตุจู",,https://www.twitter.com/user/status/1751367124600209679,0,0,17,0,0,0,0.12,ar,negative,0.9954407215118408
nana jad,@nanajad10,2024-01-27 22:00:55,"ููุงุณู ูุนู 
ููุงุณู ูุง ุงุฑุฏู ููุงุณู ูุง ูุตุฑ ููุงุณู ูุง ูุจูุงู ูุง ุณูุฑูุง ูุง ุฎููุฌ ูุง ุฌุฒุงุฆุฑ ูุง ูุบุงุฑุจุฉ ูุง ุชููุณ ูุง ุณูุฏุงู Schau dir ุงุญูุฏ ุนุจุฏุงูููs Video an! #TikTok https://t.co/9OzRmTGKFv",,https://www.twitter.com/user/status/1751364690863640636,0,0,45,0,0,0,0.03,ar,negative,0.9966940879821777
Bacem Azzouzi,@azzouzi_ba91313,2024-01-27 19:22:07,@drhossamsamy65 ููุงูู ุตุญูุญ ููู ุนูุฏู ุญู ููุง ูุณุฑ ุตููููุฉ ุจุงุฏุงุช ููุงููุฉ ููุง ุฏุนู ููุงููุฉ ูุงุฏุฎุงู ุณูุงุญ ู ุฅูุง ุณุชุณูุท ูุตุฑ ุงูุชุตุงุฏูุง ู ุงูุฏุงุฎููุง ูุนุณูุฑูุง ูุชููู ูุซู ุณูุฏุงู,,https://www.twitter.com/user/status/1751324725433823528,0,0,5,0,0,0,0.0,ar,negative,0.98443603515625
Bacem Azzouzi,@azzouzi_ba91313,2024-01-27 19:16:10,ูุตุฑ ุงู ูู ุชุนุทู ุณูุงุญ ูุชุฏุนู ููุงููุฉ ุจูู ุทุฑู ูุงู ููุงููุฉ ููุง ุญุจู ูุฌุงุฉ  ูุตุฑ ูุฎุฑุจูุง ุงูุชุตุงุฏูุฉ ูุงูููุง ูุชูููููุง  ูุซู ุณูุฏุงู  ูุฐุง ุงุฎุฑ ุญู ููุตุฑ,,https://www.twitter.com/user/status/1751323228235006210,0,0,7,0,0,0,0.0,ar,negative,0.9946768283843994
๐ท๐๐,@Mhnd_Anwer,2024-01-27 18:34:35,ุฏุงูุฑ ุฒูู ุฌุงู ูู ุจูุฑุช ุณูุฏุงู ูู ูุตุฑ ุงูููููู ุงูุฌุงูุงุช ุฏูู ุถุฑูุฑู ุฌุฏุง,,https://www.twitter.com/user/status/1751312765484933337,1,1,141,0,0,0,0.57,ar,neutral,0.9208951592445374
Gomorra๐ฉ๐ฟโ๏ธ๐ฉ๐ฟ,@Sifar_Algerie,2024-01-27 16:55:48,@Sawadogobf ูุจุฑูู ุนูููู ุฃููุงู ุงูุฅูุงุฑุงุช ุงูุชู ุฏูุฑุช ุณูุฏุงู ู ููุจูุง ู ุณูุฑูุง ู ุงูููู ุณูุฃุชู ููู ูุง ูููุน ููู ุงููุฏู ูุงูู ุงุฎุชุงุฑุช ุงูุญู ุงูุนุณูุฑู ุงูุฐู ุณูุฏุฎู ุงูุจูุงุฏ ูู ุญุฑุจ ุฃูููุฉ ุจุฏุจูููุงุณูุชูุง ุงูุณุงุฐุฌุฉ ุงูุชู ูุง ุชููู ุดูุฆุง ูููุงุุงูุฌุฒุงุฆุฑ ุฃุฑุงุฏุช ูู ุงูุดูู ู ุถุจุท ุงูููุณ ู ุญู ุณููู ุจูููู ูู ุฃุฌู ูุตูุญุฉ ุฏููุฉ ู ุดุนุจ ุงููุงูู,,https://www.twitter.com/user/status/1751287902842356083,1,5,346,0,0,0,0.03,ar,negative,0.987246036529541
mawlana .. uk National Geographic,@Tito34061671,2024-01-27 16:14:24,"@AzizaMahmo4169 ุงููุง ูู ุงุฐูุฑ ูุตุฑ  ูู ุงูุชููุชู. ุจู ููุช ุงูุนุฑุจ ..  ููุงุฌุฑ ุงู ุฅุณูุงุนูู. ูุตุฑูุฉ .. ูุงุณูุงุนูู. ุงุจู ุงูุนุฑุจ.  ููุญู ูุง ููุชุณุจ ููู. ุจู ูู ูู ููุชุณุจูู. ููุง 
ุฃูุง ุฏูุฑ ูุตุฑ. ูุงูุจูุงุฏ ูุงูุนุจุงุฏ  ูุชุณุงูุทูู ูู ุงูุฑูุนุงุช ุงูุฌุบุฑุงููุฉ ุญูู ูุตุฑ ููุง ุชุฑูู ูู ุณูุฏุงู ููุจูุง  ุงูููู ุณูุฑูุง ุงูุนุฑุงู ู ุงููุซูุฑ ุงููุงุฏู.  ุงูุง. ูุตุฑ.โฆ https://t.co/qUuLH8YCDE",,https://www.twitter.com/user/status/1751277484455182653,1,11,631,0,2,2,3.98,ar,negative,0.9914200305938721
solabd,@AbdulMoli,2024-01-27 15:07:00,@eybpo @MMsbabiker1 ูุงูู ุฌูุด ูู ุงูุฏููุง ุจููุณู ุจูู ุฌููุฏ ู ููุงุฏุฉ ุฅูุง ูู ุณูุฏุงู ุงูุนุงูู ุงูููุงุฒู . ุงูุฌูุด ูู ุงูููุงุฏุฉ,,https://www.twitter.com/user/status/1751260524237537779,0,0,7,0,1,0,0.04,ar,negative,0.6554294228553772
Bilal Tete,@TeteBilal67464,2024-01-27 12:35:48,@ahafsidz ุชุจูู ูุญูู ุตุฑุทุงู ุงูุฑูููุง ูุฎุงูุง ููู ูุดุง ูููู ุจุฏูู ูุชูุฌู ุชุจูู ูุงุชุจุงุนู ุงูุนุฌุฒู ุดูุงุทูู ูุฑูุณุง ูุฑูุฏูู ุงูุฎุฑุงุจ ูู ูุงูู ู ูุฌุฑ ู ุณูุฏุงู ู ูุตุฑ ูููุฑูุชููุง ู ุงููุบุฑุจ ูููู ูููุงุช ููุง ูุฌุงุญ ู ููู ูุจุงุญ ูุง ููุงุจ ูุฑุงูุณุง,,https://www.twitter.com/user/status/1751222471905128938,0,0,12,0,0,0,0.0,ar,negative,0.9973674416542053
Mohammed Joba,@joba_mohammed,2024-01-27 11:36:09,"@MShareefi ุงูุฑุจูุน ูุฏ ุงููุฐูุฐูุจู ุฌุงุจ ุญุงุฌู ุฌุฏูุฏุฉ ูุงู ููู ูู ูู ุฌูุด ุฃุณุงุณุง ๐คฃ๐คฃ๐คฃ๐คฃ๐คฃ๐คฃ
ุงู ุทูุฑู ูููู ูุฏุง ุชููู ููู ุญููุฏุชู ุญูุฒูุน ุงูุจูุงู ุฑูู 1 ูุชูู ู ุญูุนูู ุชุดููู ุงูุญูููุฉ ุงููุฏููุฉ ุงูุฏูููุฑุงุทูุฉ ูู ููุณ ุงูุจูุงู ููุง ุจุนุฏ ุชุฑุชูุจ ุฃูุถุงุน ุณูุฏุงู ุฏููู ุจุนุฏ ุงูุญุฑุจ ๐คท",,https://www.twitter.com/user/status/1751207461204177332,0,5,130,0,1,0,2.29,ar,negative,0.9926891922950745
ููุงุก ุงูุจุฑุงุก ุจู ูุงูู,@lwa84948,2024-01-27 11:24:40,"ุงูููุชุจ ุงูุชูููุฐู  ููููุฆุฉ ุงูุดุนุจูุฉ ูุฏุนู ูุฅุณูุงุฏ ุงูููุงุช ุงููุณูุญุฉ ุจูุญููุฉ ุงูุฏุจุฉ ูุณุชูุจู ูุงุฆุฏ ููุงุก ุงูุจุฑุงุก ุงุจู ูุงูู ุงููุตุจุงุญ ุงุจู ุฒูุฏ  ุทูุญุฉ
#ูุนุฑูุฉ_ุงููุฑุงูุฉ
 #ุฌูุด_ูุงุญุฏ_ุดุนุจ_ูุงุญุฏ
#ุณูุฏุงู_ูุงุญุฏ_ููุญุฏ 
 #ุจุฑุงุคูู_ูุงุฑุณูู_ุงููู https://t.co/0vBerfJhpI",,https://www.twitter.com/user/status/1751204571450388835,1,4,188,0,0,0,3.05,ar,neutral,0.6016043424606323
ุฎุงูุฏ ุณูู,@KhalidSelik,2024-01-27 10:51:39,"ูุง ุงุดุจู ุณูุฏุงู ุงูููู ุจุตููุงู ุงูุฃูุณ ...ูุฅุฐุง ูู ูุนุฏ ููุงุทุฑุงู ุงููุชูุงุฒุนุฉ ุตูุงุจูุง ููุฐุง ูุนูู ุฃู ุงูุญุฑุจ ุณุชููู ุญุฑุจ ููุงูุฉ ูุญุฑุจ ุฃูููุฉ ูู ุชุฎูุฏ ููุฑุงููุง ูุฑูุจุงู.

ุงูุตุจุงุญ ุงูุฌุฏูุฏ - ุฃุดุฑู ุนุจุฏุงูุนุฒูุฑ
ุถูุนูู!!

ุงูุญุฏูุซ ุนู ุงูุฎุณุงุฆุฑ ุงูุงูุชุตุงุฏูุฉ ุงูุชู ุญุฏุซุช ุฌุฑุงุก ุงูุญุฑุจ ูุง ุชุญุชุงุฌ ุณุจุฑ ุฃุบูุงุฑ ุฃู ุฅุฏุงูุฉ ูุธุฑ ูุงูุชุดุงููุงุ ูููโฆ https://t.co/857WaKTmof https://t.co/THXDaonmnW",,https://www.twitter.com/user/status/1751196264220197223,6,29,3765,0,1,0,440.88,ar,negative,0.9961951971054077
ISMAIL Hassan,@IsmailHass12154,2024-01-27 09:41:47,"@wdalbehair ููุงุฏุฉ ุงููุทูุน ุงูุฐู ุงุณุชุฎุฏููุง ุงูููุฒุงู ูุน ุงูุดุนุจ ุงูุชููุ ุงูุชูู ุจุฅุทูุงููู ุงูุทููุฉ ุงูุงููู ูู ุญุฑุจ 15 ุงุจุฑููุ ููุฌุฏ ุงูุงู ุตูุงูุ ุตู ุงูุญู ูุฑุฏ ุงููุธุงูู ูุตู ุงูุจูุงุจุณุฉ ูุงูุงุจุงูุณุฉ ูุงูุจุงุทู.. 
ูุญูุง ุงุฎุชุฑูุง ุณูุฏุงู ุฌุฏูุฏ ูููุชุตุฑ ุงู ููุชุตุฑ ูู ุงุฎุฑ ุญุฑูุจ ุงูุณูุฏุงูุุ ุงูุง ุงูุจูุงุจุณุฉ ุฎูุงุฑูู ๐ฅุจุฑูุงููู๐ซฃ",,https://www.twitter.com/user/status/1751178681786028107,0,0,40,0,0,0,0.03,ar,negative,0.9754621982574463
Emad Aljalli,@EmadAljalli,2024-01-27 09:40:17,"@wadalsadiq ูุฐูุจ ุงูุญุฑุงู ูู ุญูุซ ุฃุชู 
ุญู ุงููุงุณ ูุฏุนูุงุช ุงููุงุณ ููุฏุงู ูุงููู ูุดูุดููู ุดูุดูู ููู ุชูุฑูู ูุชูุจู ูู ุงูุดูุงูู ูุงููู ููู ูุดูุชูุง ""ุงููุงุบ ูุงุบ"" ูุดูุดููู ูุง ุฑูู. #ุฌูุด_ูููู  #ุงูููุงููุฉ_ุงูุดุนุจูุฉ_ุงููุณูุญุฉ 
#ูููุง_ููุณูุฏุงู_ูุฏุงุก 
#ูููุง_ุฌูุด 
ุณูุฏุงู ูุณุน ุงูุฌููุน ุงูุง ุงูุฑูู ุจุฃููุงุนูุง.",,https://www.twitter.com/user/status/1751178302755115309,0,1,108,0,0,0,1.78,ar,negative,0.9613369703292847
ููุงุก ุงูุจุฑุงุก ุจู ูุงูู,@lwa84948,2024-01-27 09:02:40,"ููุงุช ุงูุนูู ุงูุฎุงุต ุจุณูุงุญ ุงููุฏุฑุนุงุช ุชูุถู ุนูู ูุฌููุนุฉ ูู ุงููุชูุฑุฏูู ูู ููุทูุฉ ุฌุจุฑุฉ ุจุฌููุจ ุงูุฎุฑุทูู
#ูุนุฑูุฉ_ุงููุฑุงูุฉ
 #ุฌูุด_ูุงุญุฏ_ุดุนุจ_ูุงุญุฏ
#ุณูุฏุงู_ูุงุญุฏ_ููุญุฏ 
 #ุจุฑุงุคูู_ูุงุฑุณูู_ุงููู https://t.co/3nr2CPwglz",,https://www.twitter.com/user/status/1751168836219351215,0,5,195,0,0,0,2.54,ar,positive,0.7910314202308655
ููุงุก ุงูุจุฑุงุก ุจู ูุงูู,@lwa84948,2024-01-27 09:00:05,"ููุงุก ุงูุจุฑุงุก ุจู ูุงูู ููุฉ ุงูุนูู ุงูุฎุงุต ุชูุถู ุนูู ูุฌููุนุฉ ูู ุงููุชูุฑุฏูู ูู ููุทูุฉ ุงูุฏุฑูุงู
#ูุนุฑูุฉ_ุงููุฑุงูุฉ 
#ุฌูุด_ูุงุญุฏ_ุดุนุจ_ูุงุญุฏ
#ุณูุฏุงู_ูุงุญุฏ_ููุญุฏ
 #ุจุฑุงุคูู_ูุงุฑุณูู_ุงููู https://t.co/DJD1DLJRmd",,https://www.twitter.com/user/status/1751168188300087801,0,5,149,0,0,0,2.54,ar,positive,0.6827462315559387
Myname,@UAE_joi,2024-01-27 07:55:48,@MusaSheiko @salma1siddig ููุจูุง ูุตุฑ ุฌููุจ ุณูุฏุงู ุงูููู ุณูุฑูุง ุงูุงูุงุฑุงุช,,https://www.twitter.com/user/status/1751152011251241273,0,0,6,0,0,0,0.0,ar,neutral,0.6978698968887329
Ultra Sudan | ุฃูุชุฑุง ุณูุฏุงู,@UltraSudan,2024-01-27 06:01:10,"ุฃูุถุญ ุฑุฆูุณ ุดุนุจุฉ ุงูุตุงุบุฉ ุจููุงูุฉ ุงูุจุญุฑ ุงูุฃุญูุฑ ูู ""ุงูุชุฑุง ุณูุฏุงู"": ุฃู ""ุงูุชูุฑูุจ  ูุงู ูุชู ูุฏูู #ูุตุฑ ู #ุงูุฅูุงุฑุงุช ูุจู ุฅูุบุงุก ุงุณุชูุงุฑุฉ ุงูุตุงุฏุฑุ ูููุง ุชูุชูู ุญูููุฉ  #ุงูุณูุฏุงู ููุฑูุณุง ุฃูุจุฑ ุดุฑูุงุช ุงูุฅูุชุงุฌ"".. ุงููุฒูุฏ ูู ุชูุฑูุฑ ""ุฑุดุง ุญุณู""๐
https://t.co/u0uNEQVQ4o",,https://www.twitter.com/user/status/1751123161674858687,0,0,181,0,0,1,48.9,ar,negative,0.5779904723167419
Moha_med,@LebigMohamed,2024-01-26 23:54:18,"@Dh08lFzLZUsKUXT @AhmadDaoud14 ูุงููู ุตุฑูุญ ูุนู ูุง ุฏุฎู ููุณุนูุฏูุฉ ูู ูุถูุฉ ูุงูู ุญุชู ุงููุง ูุง ุชูุชู ูุซูุฑุง ุจููุทูุฉ ุณุงุญู ุฑุจูุง ูุง ุนุฏุง ุณูุฏุงู
ูุณุคูู ูู ุงูุงุฑุงุช ุงูุชู ุชุฎุฏู ุงูุฏุงู ุตูููููุฉ
ูุฏู ุงูู ูู ุชุฏููุฑ ุงู ุฏููุฉ ูุณููุฉ ูุงุฏุฑุฉ ุนูู ุชุฏููุฑูุง ูู ุชูุฏู ูุชุฏููุฑ ุญุฒุงุฆุฑ ูู ุดูุงู ุงูุฑูููุง
ูุฏู ุซุงูู ุณุฑูุฉ ุฐูุจ",,https://www.twitter.com/user/status/1751030836357365856,0,0,9,0,0,0,0.12,ar,negative,0.9853841662406921
ุนุฒุงูุฏูู ูุงุฑููุ๐ฒ๐ฆ๐ดโซ,@AzdinInzaghi,2024-01-26 21:21:33,@Soso20747813488 ุฑุฃูู ูุฃู ูุง ููุนูู ููุตุฑุช ููุณุทูู ู ุบุฒุฉ ู ููุณุช ุนุฒุฉ ูู ูู ุญุฑุจ ุจู ููุงู ุณูุฑูุง ู ุงุจุดุน ุฌุฑุงุฆู ูุงูู ุจููุง ุดูุนุฉ ููุงู ู ุณูุฏุงู ู ูุซูุฑ ููุง ูุฐุง ูุงู ูุณูููู ูุฃู ูู ุญุงูุฉ ุถุนู ู ููู ูุจูุฑุฉ,,https://www.twitter.com/user/status/1750992397100601592,0,0,22,0,0,0,0.05,ar,negative,0.9924659729003906
ุฃุญูุฏ ุงููุฑุฏู ูุถุฏ ุงูุตูุงููุฉ ูุงูููุงุจูุฉ๐ป,@IwillSmashYrBoy,2024-01-26 20:53:56,@MohammedIDA_ @Actanonverba16 ูก) ูุนู ุงูุณูุฏุงู ุฃุฑุถ ุงูุจุดุฑุฉ ุงูุณูุฏุงุก (ูุฃูุง ุฒูู ุญูุจู) ููู ุฒูุงู ุฃุบูุจ ุงูุฎุฑุงุฆุท ุจูุฏูุง ูุง ูุงู ุฃุณููุง ุณูุฏุงู ููุงู ูุดููุฉ ูู ุงูุฃุณู ููู ุญูููุฉ ุชุงุฑูุฎูุฉ. ุงูุณูุฏุงู ูุชุงุฑูุฎ ูุชุฑุฉ ูุงู ุชุจุน ูุตุฑ ุฃูุงู ุงููุฑุงุนูุฉ ููุชุฑุฉ ุชุจุน ุงูุญุจุดู ูุงููุฌุงุดู ููููุง ุฃูุงู ูุฌุฑุฉ ุงูุตุญุงุจุฉ ุงูุฃููู ููุญุจุดู ูููุงู ุงููุฌุฑุฉ ุงูุฃููู ูุงูุช ูู ุณูุงูู,,https://www.twitter.com/user/status/1750985443229704215,0,1,51,0,1,0,0.06,ar,negative,0.47283264994621277
๐๐๐๐๐,@kamalgoga,2024-01-26 20:17:34,"@MohamedAbdulwa ุฌูุด ูููู ุงุชุฌุงู ูุงุญุฏ 
ูุทู ูุนุฒู ุจุงูุฌุฏ ุณูุฏุงู ูุฑูุฏู ุจุงูุฌุฏ 
ุงุฌุณุงุฏูุง ุชุจูู ูููู ุณุฏ 
ุฑุฌุงูู ููุตู ุงูุญุฏ ุฎููู ุงูุฑูููู ุชููุฏ",,https://www.twitter.com/user/status/1750976294861582479,0,1,34,0,1,0,15.8,ar,positive,0.9437125325202942
Amir-Abdullah,@ahmad595514,2024-01-26 17:07:33,"@MohammedHawaidi ูู ุณูุฏุงู ุงูุฌุด ููุดุงุช ุงู ุฏุนู ุงูุณุฑุน ุง ุญูุงุฑุ

ุณุฏู ุงูุงุฑุงุช ู ุงูุณุนูุฏุฉ ูุฑุงุก ฺฉู ุงูุฎุฑุงุจ ูู ุงูููุทูุฉ",,https://www.twitter.com/user/status/1750928472959254961,0,0,40,0,0,0,0.11,ar,negative,0.9968396425247192
๐งฏ๐ป Ahmed Khalil๐งฏ๐ป,@AhmedKh50028365,2024-01-26 15:52:43,@RassdNewsN ุตููุงู ุฏููู ุฐุงุช ุณูุงุฏู ุญุฑูุจ ุงูููุฉ ููุท ููู ููุณุทูู ุฏููู ูุญุชูู ุฃูุงู ุงูุนุงูู ููู ูู  100ุณูู ุงูุนุงุฑ ุงูุญูููู ุงู ููุงุจ ุงูุงุฎูุงู ููุนุจูุง ุจุนููู ูุนุธู ุงูุนุฑุจ ูููููู ูุตุฑ ููุท ุชุญุงุฑุจ ุงูุงุฎูุงู ุญุงููุฉ ุชุฏููุฑ ุงูุฌูุด ูุญุฏ ุงูุงูููุงุจ ูุญุงููุง ููุณูู ูุตุฑ ุชุญุฑุจ ุฃูุฑูููุฉ ุนุดุงู ูุฏูุฑ ุฌูุด ูุตุฑ ุฒู ุณูุฑูู ู ุณูุฏุงู ูููุงูู ุงูุงูุชุตุงุฏ https://t.co/Py0vzCpLWD,,https://www.twitter.com/user/status/1750909643432346023,0,0,0,0,0,0,0.12,ar,negative,0.9969252943992615
Dr. Gazafi,@abufiras2009,2024-01-26 13:51:51,"ููุงู ุงูุนููุฏ ูุงุณุฑ ุงูุจุทุญุงูู ูุนูุฉ ุงูููู ูุงู ูุญู ูุฑุงุก ุงูุนุฏู ูุบุงูุฉ ุฏุงุฑููุฑ ุงููุชุฎุงุฐู ุจูุฏู ุทููุฉ. ูุบุฐ ูุง ุณุนุงุฏุชู ุฏู ูุฑูุชู ููุฑูู ูุฏุงุฑููุฑ ูููุง ูู  ุณูุฏุงู.
#ุงูุณูุฏุงู
#ููุงุช_ุงูุดุนุจ_ุงููุณูุญุฉ
#ุงูุฌูุฌููุฏ_ูููุดูุงุช_ุงุฑูุงุจูุฉ
#ุฌูุด_ูุงุญุฏ_ุดุนุจ_ูุงุญุฏ
#ูุญุช_ูุงุชูุซููู
ููุงุฉ ุงูุชููุฌุฑุงู
https://t.co/f57mABU26r",,https://www.twitter.com/user/status/1750879226129994089,0,1,109,0,0,0,22.58,ar,negative,0.9905415177345276
Moha_med,@LebigMohamed,2024-01-26 10:39:28,"@Muh6180431637 @Algrien28694512 @mali_news_arabi ูู ุชุถุญู ุนูู ุงู ุชุถุญู ุนูู ููุณู ุจูู ุฌุฒุงุฆุฑ ู ุณูุฏุงู ุงูุงู ููููุชุฑุงุช ุทุงุฆุฑุงุช ูุชุงููุฉ ูุง ุชุณุชุทูุน ูุตูู ู ูุทุน ูู ูุฐู ูุณุงูุฉ
ุงูุถุง ุชุญุชุงุฌ ุงูู ุงุฐู ุฏูู ุงุฎุฑู ุญุชู ุชูุฑ
ุซุงููุง ุฌุฒุงุฆุฑ ููุณ ูุฏููุง ูุฐุง ููุน ูู ุทุงุฆุฑุงุช
ูู ุงุชููู ุงุถูู ูููุฉ ุงุฎุฑู
ุฌุฒุงุฆุฑ ุถุฏ ุญุฑุจ ู๐ธ๐ฉ
ูุงูู  ุชุฑูุฏ ูุฐุจ ุนูู ูุงุณ ูุฐุง ุชูุงูุฉ ูุง ุชุฏุฎู ููุนูู ุงู ุงุญุฏ",,https://www.twitter.com/user/status/1750830809848692919,0,0,28,0,1,0,0.12,ar,negative,0.9967737793922424
Tarek Hocine,@Tarekhocine7,2024-01-26 10:33:33,@KodeAbd @AyatIdrissa ููุฃุณู ูุงูู ุณุชุฏุฎู ูู ุญุฑุจ ุฃูููุฉ ูุง ููุงูุฉ ููุง ูุชูุงูุค ุงูููุชูู ูุณุชููู ุณูุฏุงู ุฃุฎุฑู. ุฅุชูุงู ุงูุฌุฒุงุฆุฑ ูุงู ุจูุซุงุจุฉ ุถูุงู ูุญูุงูุฉ ูุงูู ููู ุงูุงุฎูุฉ ููุงู ู ุจุนุฏ ูุนูุฏ ุจุงูุฏุนู ุงูุฑูุณู ุชุบูู ุงูุจุงุจ ุฃูุงู ุฃู ุญู ุณูุงุณู ูููุถุน ุงููุชุฃุฒู ูู ูุงูู .,,https://www.twitter.com/user/status/1750829320233242695,0,2,276,0,0,0,0.04,ar,negative,0.9940391778945923
Leyla,@Leyla80801,2024-01-26 10:02:57,ุญูุงูุฉ ุญุณู ุงูุจุฑูุงู ูุงูู 10 ููููู ุฏููุงุฑ ูู ูุตุฑุ ุฒููู ุดุฏ ุญููู ูุฑูุจ ูุตุงูุจ! ๐ ุงูุฏููุง ุจุชููู ูููุง ููุงู ุบุฑูุจุ ุจุณ ุงูุณุคุงู: ุดูู ุงูุณุจุจ ูุฑุงุก ุงูุณุฑุงุจ ุฏุงุ ๐ง #ุญุณู_ุงูุจุฑูุงู #ูุตุฑ #ุณูุฏุงู https://t.co/GaFcdlSUMc,,https://www.twitter.com/user/status/1750821621168766990,0,1,128,0,0,0,0.58,ar,negative,0.9948291182518005
Mohamed,@mohamed70692025,2024-01-26 10:02:42,@amlkhalil11 ุงุณุชูููุง ูุงููุคุงูุฑุฉ ุนูู ูุตุฑ ููุชููู ููู ูุจุงูู. ุงุณุชูููุง ููุงูุช ูุฑุงุฑุชูุง ุฒูููุฉ ููุงุฏุงุฑุฉ ุงูุงูุฑูููู ูุญุฑุฑูุง ูู ุฐูู ูุฑูุถ ุงูุชุจุนูู  ุงุณุชูููุง ูุญุฏูุฏูุง ููุชูุจู  ูุฏูุงุฑ ูุญุตุงุฑ ุบูุฑ ูุจุงุดุฑ ุนูู ูุตุฑ  ุณูุฏุงู ุณููุณู ูููุจูุง ุจูุง ูููุฉ ุณูุงุณูุฉ ูุญุฑูุจ ูุณุชูุฑู ูููู ูุจุนุซุฑุฉ ูุชุดูุนู ูุญูุงุณ ุงุฒูุงู ุงูุฑุงู ููู ุงููู ูุงูุตุฑ,,https://www.twitter.com/user/status/1750821555708342778,0,0,21,0,0,0,0.47,ar,negative,0.9965729713439941
ุนุจุงุณ ุงุฑููุฑู,@AbbasArkory,2024-01-26 07:12:22,@hajora_ma @muslim2day ูู ุชุนูู ุงู ุฏุนู ุณุฑูุน ุฏูู ุงุดุฎุงุต ุงุญูุงุก ูู ุงูููู ุฏุงุฑููุฑ ูู ูุฏููุฉ ุฌููููุฉ ููุงูู ููุงู ุฅุนูุงูู ูุฏูุฑ ุงูุงู ุญูู ุชูุงูู ุญุฑุจ ุณูุฏุงู ููุงูู ุฌูุงุช ุชููุน ุงูุฏุนู ุงูุฑุณุน ูููุงูู ุฌูุงุช ุชููุน ุงูุฌูุด ูุญูู ุงู ูู ููุชูู ุจุงุทูุฉ  .  ุงูุถุง ููุงุทู ุณูุฏุงูู ูู ุชูุงููู ูุงุฎุจุงุฑ ุณูุฏุงูู ุชุฌุฏู ูููุงุฒุง ูุฏุฑุฌุฉ ููุงู ูุงูุจุนุถ ููุฑ ุงูุฏุนู,,https://www.twitter.com/user/status/1750778689577447464,0,1,35,0,0,0,0.09,ar,negative,0.9975417852401733
ูุณูุฉ ุนุฑุจูุฉ,@NsmtRbyt90844,2024-01-26 06:40:37,@MakhloufiDz @AYOUBVISION ุตุญูุญ ุจุนุงุฏ ุจูุฑุงุญู ุนู ุฏูุงุฑ ุณูุฏุงู ูููุจูุง ูุงูููู ูุญุตุงุฑ ูุตุฑ ูู ูู ุฌูุงุช ูู ูููุฉ ุนูุดูุง ููุงุฆูุง ! ุงููุงูุน ูููู ููุซุจุช ุฐุงูู,,https://www.twitter.com/user/status/1750770702712496561,0,1,15,0,1,0,0.1,ar,negative,0.9967411160469055
Hanan ALSHAFIA,@HananAlshafia,2024-01-26 04:12:44,@RSF_JOJ ูู ุณูุฏุงู ูุง ุจุนุฏ ุญุฑุจ ุงูุฌูุฌููุฏ ูู ูุณูุญ ุจูุฌูุฏ ูุง ูุณูู ุจุงูุงุฏุงุฑุงุช ุงูุฃูููุฉ ุงุจุฏุง ! ููุงุธุฑูู ุฏุง ุงูู ูุฏูู ุญุง ูุชุญุงูู ุจุชููุฉ ุงูุฎูุงูุฉ ุงูุนุธูู ุจุฅุฐู ุงููู,,https://www.twitter.com/user/status/1750733486359511438,0,0,5,0,0,0,0.01,ar,negative,0.9940239787101746
Moha_med,@LebigMohamed,2024-01-25 23:44:39,"@HZ2244 @Dzsarc ูู ุชุนุชุจุฑ ุดุฑูุฉ ุฑูุณูุฉ ู ููุงุฏุงุช ูุงุบูุฑ ูููู ุฑูุณ
ููู ูู ูุณุชุนูููุง ู ูููููุง ูู ููุช ุญุงูู ูู ูุงุฑุงุช ุชุณุชุนูู ูุงุบูุฑ ููุชู ุณูุฏุงูููู ู ุณุฑูุฉ ุฐูุจ ูู ุณูุฏุงู
ุฑูุณูุง ุชุจูุน ุนููููุง ุนูู ุงุนูุงู ูุงุบูุฑ ู ุนู ุงุณุชุนูุงู ุงูุงุฑุงุช ููุฐู ูุฌููุนุฉ ุงุฐุง ูุงูุช ุชุฏุฎููู ุฏุฑุงูู
ุงุฐุง ูู ุชุนุชุจุฑ ุงูุงุฑุงุชูุฉ ูู ููุช ุญุงูู ุฑุบู ุงู ููุงุฏุงุช ุฑูุณ",,https://www.twitter.com/user/status/1750666020061069443,0,1,21,0,1,0,0.12,ar,negative,0.9956465363502502
Mohammed Bentahar,@KSM_breezy27,2024-01-25 22:36:50,@la__Del @birtawilgov @MarocDiplo_AR @BirlandArabic @EHaiyawi @birlandgov @2006_aicha @5_ersito @abdelfattahnao1 @BachiriRadouan @brka_abde1 @ChefGov_ma ุฑุง ุบูุฑ ุชุฎุฑุจููุฉ ูุฏูู. ุงุฑุถ ุจุฏูู ุตุงุญุจ ุญูุช ูู ุบุงุฏู ุงุนุชุฑู ุจูุง ( ุงูุณูุฏุงู ุงู ูุตุฑ) ูุนูู ุชูุงุฒููู ูู ูุซูุซ ุญูุงูุจ ูุดูุงุชูู ูู ุฌูุฉ ุงูุฃุฎุฑู. ูุฏู ุงูุงุฑุถ ูุตุฑูุฉ ุงู ุณูุฏุงูู ุณุชุญู ุจุนุฏ ุชุณููุฉุฎูุงูุงุช ุญุฏูุฏูุฉ. ุชุนุชุฑู ุจูุงุฏ ุงูููููุฉ ุบุงุฏู ุชููุถูุง ูุน ูุตุฑ ู ุณูุฏุงู ุฏู ูุญุฏุฉ,,https://www.twitter.com/user/status/1750648954553774107,0,0,22,0,0,0,0.06,ar,negative,0.9781430959701538
ูุญูู 14,@7Hnw8VhNlkdSKpN,2024-01-25 22:03:48,"@AlarigiAmeen @drhossamsamy65 ุงูุฅูุงุฑุงุช ๐คฃ๐คฃ ุดูุทุงู ุงูุนุฑุจ ุงูุฏุงุนู ุงูุฃูุจุฑ ููุตูุงููุฉ ู ุณุจุจ ุฎุฑุงุจ ูู ุณูุฏุงู ุจุฏุนู ุญููุชู ุงููุฌุฑู ู ุณุจุจ ุงูุฅุบุชูุงูุงุช ูู ุงูููู ู ุงูุฎุฑุงุจ ูู ุฏูู ุงูุนุฑุจูุฉ ู ุชุบููุจ ุงูุทุบุงุช ูู ุงูุญูู ููุง ุญุฏุซ ูู ูุตุฑ ูุน ุงูุณูุณู ุงูุตููููู ุจุฏุนู ูู ุงูุฅูุงุฑุงุช
ูู ุฃูุช ุฃุนูู ุฃู ุชุชุนุงูุง . ูุดูุชูู ูููุงุช ุตูููููุฉ ุจุฏุนููู ุงูุจุฑู ููุตูุงููุฉ",,https://www.twitter.com/user/status/1750640641204265041,0,1,60,0,0,0,0.0,ar,negative,0.9973117113113403
mohamed ali khlaf,@khalafinlove,2024-01-25 21:53:13,@daliagamil2009 ุงูุชู ูุญููููู ูู ููู ูู ุฑุงุฌู ุจูุฌุชูุฏ ูู ูุงุฌูุฒุฉ ุงูุฏููุฉ ุงููุณุคูุฉ ุนู ุงูุชุตุงุฏูุง ูุจููู ูุตุฑ .ููู ุญุงุฌุฉ ุงุณููุง ุงูุฑููุง ุณุญุจุฉ ุงูุฏููุงุฑุงุช ุงููู ูู ุงูุนุงูู ูููุง ุนูุดุงู ุงููุงุกุฏุฉ ุนูุฏูุง ุนุงููุฉ ูุญุฑูุจ ุฎุงุฑุฌูุฉ ูุดุนูุฉ ููุบููุฉ ุงุณุนุงุฑ ุงูุณูุน .ูุฏูู ุนุงูุฒุฉ ุชููุนูุง ูุชูุฌุฉ ุญุฑูุจ ุจุฌุงูุจูุง ุณูุฏุงู ููุจูุง ููุณุทูู .,,https://www.twitter.com/user/status/1750637974763520500,0,0,54,0,0,0,0.1,ar,negative,0.9971454739570618
ูุงุตุฑ ุขู ููุณู,@honanasser,2024-01-25 20:16:36,"@Hamoudeh124 @alharbiM2020 @halgawi ุงููู ุถูุน ุณูุฑูุง ูู  ุงูููุณุทูููู 
ูุง ุฎูู ุงุฑุฏู ููุง ูุตุฑ ููุง ุชููุณ ููุง ููุจูุง ููุง ููู ููุง ูุจูุงู ููุง ุนุฑุงู ููุง ุณูุฏุงู ููุง ุตููุงู 
ููุง ุงู ุฏููุฉ ุนุฑุจูู ุฅูุง ูุฑุฏูู ูููุง ุงููุณุงุฏ ูุฎูู ุงูููุถู 
ูุงุฎุฐูู ุนูุฏ ุนูู ุฃููุณูู  ุฃููู ูุฎุฏูู ุงููุฎุทุท ุงููุงุณููู ุงูุจุฑูุทุงูู ุงููููุฏู 
ููุฐู ุญูููุฉ 
ุฅุฐุง ุญูุงุณ ุงุณุชููุช ุนูู ุงุฑุถููู",,https://www.twitter.com/user/status/1750613663692574951,0,0,53,0,0,0,0.1,ar,negative,0.9971064925193787
ุฃููู โข,@XgardI0,2024-01-25 19:46:39,"@SaydenTrox @THE0SAMH @BelfkihHC @irode0 ุงููุบุฑุจ ุงูุนุฑุจู ุงุดุฑูู ุฑุงู ููู ุจุฑุงุณู ุนุถู ูููุง 

ุฏูู ุดูุงู ุฃูุฑูููุง ุฑุงู ูุชุฒูุฏ ุณูุฏุงู ู ูุตุฑ ู ุฌูุจูุชู ูุนุงู",,https://www.twitter.com/user/status/1750606123269320710,0,0,46,0,0,0,13.51,ar,positive,0.9886388778686523
Emir Haiyawi Birland Ruler ุญุงูู ุจูุฑูุงูุฏ,@EHaiyawi,2024-01-25 19:26:04,"@Soulaimane_amg @Simo__Ben @la__Del @birtawilgov @MarocDiplo_AR @BirlandArabic @birlandgov @2006_aicha @5_ersito @abdelfattahnao1 @BachiriRadouan @brka_abde1 @ChefGov_ma ุณูุงู ุงูุงุฑุถ ุงูุงุตูููู ูู ุจุฏูู ุฌูุณูุฉ ูุง ูุตุฑ ููุง ุณูุฏุงู ุชุนุทููู ุงูุฌูุณูุฉ ูุนูุฏูุง ุญุถุฑุช ุงุญุฏู ุฌูุณุงุช ุจุฑููุงู ุงุชุญุงุฏุงูุงูุฑุจู ุจุดุฃู ูุณุงุนุฏุฉ ุงูููุงุฌุฑูู ููุงุฌุฆูู ุงูุชุจููุง ููููุถูุน ุญูููุง ุฐูุฑุช ุงูุงุฑุถ ูุนูููุง ู #ุจูุฑูุงูุฏ ูุถุน ุงููุฏ ุฃููุง ุงู ูุญุตููุง ุนูู ุฃูุฑุงู
ูุฐูู ุงุนููุง ูู ุฏุณุชูุฑูุง ุฃู ุจูุฑูุงูุฏ ุณุชููู ุฃูู ุฏููุฉ ุฃูุณุงููุฉโฆ https://t.co/P8XzWNcp3D https://t.co/DkNhuB0JFt",,https://www.twitter.com/user/status/1750600945501671565,0,2,33,0,1,0,1.83,ar,neutral,0.7271174788475037
๎จ ุงูููุงุชู ุงููุจูู | SAF,@Sudanese_resist,2024-01-25 15:50:28,"โข๏ธ ุณุงุนุฉ ุงูุตูุฑ ุงูุชุฑุจุช ุฌุฏุงู ..
- ูู ุฎูุงู ุงูุฑุคูุฉ ู ุงูุชู ุงุตุจุญุช ูุงุถุญุฉ ุงููุง ุจุชูุง ุงูุฑุจ ุงูู ุญุงูุฉ ุงูุทูุงุฑูุก ุญูุซ ุงู ูู ุงูููุงุก ุงุฑุชุฏูุง ุงูุจุฒุฉ ุงูุนุณูุฑูุฉ ู ูู ุงุนูุงู ุถููู ุจุงุนูุงู ุญุงูุฉ ุงูุทูุงุฑูุก ุญูุซ ุงู ุจูุงูุงุชูู ุฌููุนุง ุชุฃุชู ููุญุฏุฉ ู ูุฐู ูุง ูุฑุบุจ ุจู ูู ุงูุณูุฏุงู ุณูุฏุงู ููุงุญุฏ ุงููุฑุงุฑ .. 
#ุฌูุด_ูุงุญุฏ_ุดุนุจ_ูุงุญุฏ https://t.co/bQRUT8qq6I",,https://www.twitter.com/user/status/1750546688912101650,9,29,1001,0,0,1,8.28,ar,negative,0.9145184755325317
ูุญูู ุดุฑูู,@YShrfy20775,2024-01-25 14:50:56,ูุทูุจ ุงูููุงุช ุงููุณูุญุฉ ุงูููููุฉ ุจุธุฑุจุฉ ุฅุฒุฏูุงุฌูุฉ ูู ุฅูุงุฑุงุช ุงูุนุฑุจูุฉ ูู ุงููุฑูุจ ุงูุนุงุฌู ุงูุฃูุถุงู ุงููููุงู ูุญู ูุชููุง ุงุฎุจุงุฑ ุนู ุงู ูููุงู ุจุงููู ูุณุชุฌูุจู ูุฑุชุฒูุฉ ูู ุงูุณูุฏุงู ููู ูู ูุฌุฑ ุงูุฃูุถุน ูู ุณูุฏุงู ุงููู ุจูุง ุงูุฃูุฉ ุงูุนุฑุจูุฉ ุจุง ุงูุนุฏู ุงูุตููููู ูุงุชุจุนูู ูู ุงูุฌุฒูุฑุฉ ููู ูููููู ุงููุงู ุดุนูุจูู ููุฏูุงุน ุนูู ุงุนุฏุก,,https://www.twitter.com/user/status/1750531703465226303,0,0,2,0,0,0,0.18,ar,negative,0.9969269633293152
Alg Alg,@AlgAlg2023,2024-01-25 14:22:54,@RedLineUAEKSA @Narutosilvazold @YAFA681362 @al39e_q8 ูุฌู ููููุง ูู ุฃูู ุจุฏุฃุช ุญุฑุจ ุงูุนุฑุงู ูู ูุตู ููุจูุง ูู ุฎุฑุจ ุณูุฏุงู ูุนุจ ูุฐุง ุณุชุฏูุน ุซููู ุบุงูู ูุงูุงูุงู ุจูููุง,,https://www.twitter.com/user/status/1750524650302644231,0,0,14,0,0,0,0.0,ar,negative,0.9959855675697327
Khalid Bin Showail,@khalid_s_ghamdi,2024-01-25 11:47:57,"@Dr_mfh_1972 @Mohdalmulla67 #ุงูุฎูุงู_ุงููุชุฃุณูููู 
#ุฎูุงุฑุฌ_ุงูุนุตุฑ 
#ููุงุจ_ุงูููุฑ 
ูุง ุบุฑุงุจุฉ ูู ูุง ููุนููู ูููููููุ ููู ุฃุญูุงุฏ ..
- ุนุจุฏ ุงููู ุจู ุณุจุฃ ุงููููุฏู
- ุงูุบุงููู ุจู ุญุฑุจ ุงููุตุฑู
- ููุงูุฉ ุจู ุจุดุฑ ุงูุชุฌูุจู
- ุณูุฏุงู ุจู ุญูุฑุงู
- ุนุจุฏ ุงููู ุจู ุจุฏูู ุจู ูุฑูุงุก ุงูุฎุฒุงุนู
- ุญููู ุจู ุฌุจูุฉ ุงูุจุตุฑู
- ูุงูู ุจู ุงูุญุงุฑุซ ุงูุฃุดุชุฑ",,https://www.twitter.com/user/status/1750485654692069799,0,0,84,0,0,0,2.02,ar,negative,0.9559491872787476
R.Mohmmedkhir,@alongtheway13,2024-01-25 07:17:25,"@ajabrah2030 ู.ุณ.ู.ู. ูุง ุฌูุฌููุฏู ..
ุฌูุด ูุงุญุฏ ุดุนุจ ูุงุญุฏ ูุงู ูุฑุชุฒูุฉ ุตุฑุตูุฑ ุงูุฑููู ูุญุชู ุงููุงุฒุญ ุงูุชุดุงุฏู ุญููุฑุชู ุฅุจุงุฏุฉ ุจุณ ุญุชู ุฃุตุบุฑ ุตุฑุตูุฑ ุซู ูุฑุด ุงูุนูู ุงูุฒูู ููุนูุด ูู ุณูุฏุงู ูุธูู ุจุฏูู ุตุฑุงุตูุฑ ุฃูุฑูููุง ูุจุฏูู ูุฑู ุชุดุงุฏ ูุจุฏูู ููุธูุฉ ุงูุฃูุบุงุฏ ุงูุฃูุฑูููุฉ ูุจุฏูู ูุชุทูููู ูุฌุฑุงุซูู ุฎุงุฑุฌูุฉ ูุงููู ููุฌุฑ ุฑุญู ุงูุฎููุชู",,https://www.twitter.com/user/status/1750417574150414802,0,0,5,0,0,0,0.46,ar,negative,0.9716894626617432
baraa,@br8601107718886,2024-01-25 06:39:55,"@mim99h ๐ธ๐พ๐ธ๐ฉ๐พ๐ช๐ฎ๐ถ๐ช๐ฌ๐ต๐ธ
ููุณ ุงููุถุน ููุง ุณูุฑูุง ุงูููู ููุณุทูู ุงููููุช ูุตุฑ ุนุฑุงู ุณูุฏุงู",,https://www.twitter.com/user/status/1750408138400936182,0,1,52,0,0,0,0.0,ar,negative,0.9828858971595764
ูุน ุงูุญู,@AdelAli34649676,2024-01-25 05:44:13,@7h300 @gang_uae @bujsem ุชูุฑู ุนููู. ุชุนุฑู ููุด ููุฑู ุดูุทุงููู ูุงูู ูุงุชู ุนููุงุก ูุฎุทุจุง ุงูููู ููู ูุถุญู ุงุนูุงู ุงุณูุงุฏู ุจุฑูุทุงููุง ุณูุฏุงู ูู ุงุดุบู ุงูุญุฑุจ ูููุง ุดูุทุงููู  ููุจูุง  ูุตุฑ. ุชููุณ ุงุตุจุญ ูุฏ ูุงุณูููู ูู ุจูุงุฏ ุงูุนุฑุจ ุญุดู ููู ูุฐุง ูู ุตูุจ ุฒุงูุฏ  ูุงุฐุง ูุงุถู ุจุฒูุฏ ูู ูุงุนูุฏู ูุดููู,,https://www.twitter.com/user/status/1750394118620983426,0,0,5,0,1,0,0.03,ar,negative,0.9975072741508484
BESHA,@JUJYJOL,2024-01-24 18:45:50,"ุงูุญุฑุจ ุจุชููู ููู ุทุฑููู ููุดูู ูู ุงูุชูุตู ูุงุชูุงู ุ ุงูุณุคุงู ุงุฐุง ูุจู ูุง ุงูุฌูุฌููุฏ ููุญุช ูุฑุชูุจู ูู ุฌุฑุงุฆู ุงูุญุฑุจ ุฏู ูุง ูุงู ูู ุทุฑููุฉ ูุชู ุงููุตูู ูุนูู ูุงุชูุงู ูู ูู ูุงุจููุฉ ุงูููู ุุ! 
ุงูุฌูุงุจ ุงููุฏ ูุง ุงูุญุฑุจ ุฏู ููุงูุชูุง ูุง ูุง ุฌูุฌููุฏ ูุง ูุญุงุทุฉ ุงู ูุง ุณูุฏุงู.
#ุฌูุด_ูุงุญุฏ_ุดุนุจ_ูุงุญุฏ 
#ุงูููุงููู_ุงูุดุนุจูุฉ_ุงููุณูุญุฉ",,https://www.twitter.com/user/status/1750228432120635684,5,17,695,0,0,0,12.4,ar,negative,0.9947444200515747
ุฏูุชูุฑ/ ูุญุณูุจ ููู,@mahsoupy1977,2024-01-24 18:41:01,ููู ูู ูุงุญุฏ ุดุบุงู ูู ุงูุฏุนุงุฑุฉ ุ ููุจูุง ุ ููู ุ ุณูุฏุงู ุ ุงููุฑุงููุง ุ ูููู ุฌูุด ูุตุฑ ุ ููู ุฌูุด ูุตุฑ ุญุฏ ุจูุตุฑู ุนููู ุบูุฑ ุงูุดุนุจ ุงููุตุฑู https://t.co/3SbmL88ueF,,https://www.twitter.com/user/status/1750227220298179026,0,0,13,0,0,0,0.26,ar,negative,0.9943276047706604
Otaku Loaf,@Loaf_sama,2024-01-24 14:29:34,"ูุง ุณูุฏุงููููุ ูุง ูุทู ุฏุง ูู ุญุฑุจ ุงูููุฉ ูุณู. ูุง ุณูุฏุงู ุฅูุช ุจุทู

#ุงูุญุตุฉ_ูุทู

#ุชุณูุท_ุจู

ุณูุงู ู ุงูุนุฏูุฉ ููู (ุงูุณูุฏุงูููู)

ูุน ูู ููุจูุ ุฃูุง ูุนูุ ุงูุณูุฏุงู",,https://www.twitter.com/user/status/1750163941601234953,0,0,35,0,0,0,0.59,ar,negative,0.6353214383125305
ุนุจุงุณ ุงุฑููุฑู,@AbbasArkory,2024-01-24 13:28:47,@mohamme52591971 @DMarshalSd ุงุฑุฌุน ุดูู ุญุฑุจ ุบุฒุฉ ูุฎุฑุจ ุณูุฏุงู ูุชุดูู ูุงุฑู,,https://www.twitter.com/user/status/1750148643095462251,0,0,12,0,0,0,0.09,ar,negative,0.9607313871383667
wd Abdullah,@AbdullahHaytahm,2024-01-24 12:56:36,"@ajabrah2030 ุจู ุจู ุจู ุฌูุด ูุงุญุฏ ุดุนุจ ูุงุญุฏ ๐ธ๐ฉ๐ธ๐ฉ๐ธ๐ฉ
ูุตุฑ ูู ุงููู ููุชุญ ูุฑูุจ 
#ุณูุฏุงู ูุถูู ูู ุงูุชูุฑุฏ 
#ุณูุฏุงู ูุนุงูุงู ูู ุงูุฌูุฌููุฏ",,https://www.twitter.com/user/status/1750140543114371275,0,7,1224,0,1,0,0.0,ar,positive,0.9656803011894226
๐ฉ๐๐๐๐ ๎จ,@B7_B21,2024-01-24 11:28:38,"@Hydikm ุงูุฅูุงุฑุงุช ุฑุงุณ ุงูุงูุนู ูู ุญุฑุจ ููุจูุง ู ุณูุฏุงู ู ุณูุฑูุง ุณุงุจูุง ู ุฃุฒูุฉ ูุตุฑ ู ุบุฒุฉ ุฏุงุฎููุฉ

ููุน ุฐุงูู ุงูุฅูุงุฑุงุช ุฃุตุจุญุช ุงููู ุฏููุฉ ุนุฑุจูุฉ ููุงุฑูุช ูู ุงูุนุฑุงู ูุชุญุงูู ููุงูู ู ููุนุฏ ุงุชูุงูุงุช ูุชุนุฏุฏุฉ ููุงูู ุงููู ุญููู ุฎููุฌู ููุนุฑุงู ูู ุงูุฅูุงุฑุงุช",,https://www.twitter.com/user/status/1750118405389328758,0,3,594,0,2,0,0.3,ar,positive,0.6860188841819763
ุญุงูุฏ ุนุจุฏุงูุฑุญูู,@hamid22330,2024-01-24 11:07:40,@Abdelmaged69C ุฑุฏ ุฏููุฉ ูฅูฆ ููุซูุฉ  ูู ุงูููุฒุงู ุงูุฅุฑูุงุจููู ุฑุฌุนุช ุณูุฑุงุก ุงูุฅููุงุฐ  ุงูุชู ูุตูุชูู ูุฌูุฉ ุฅุฒุงูุฉ ุงูุชูููู ููู ูุง ุงูููุฒ ุนุจุฏุงููุงุฌุฏ ูุงุชูุฑุญ ุงูุงู ููุท ูุณูู ููุตููุง ูู ูุงููุงุฑุจูู ููุฑุชู ููู ุงููุณุฎ ุงูููุฌูุฏ ูู ูุตุฑ ูุชุฑููุง ููุงููุฒูุง ููุทุฑ ุงูุชูุช ุฏููุฉ ูฅูฆ ูุงูููุฒุงู ูุงููููู ูุงููููููุงุช ูุงูููุด ุณูุฏุงู ุฌุฏูุฏ.ุญุงูุฏ ูุญูุจ,,https://www.twitter.com/user/status/1750113131735421016,0,0,0,0,0,0,0.0,ar,negative,0.9971746206283569
